timestamp,open,high,low,close,volume
2019-09-24 09:31:00,54.6,54.6,54.5,54.5,83658
2019-09-24 09:32:00,54.29,54.29,54.29,54.29,81132
2019-09-24 09:33:00,54.26,54.3645,54.26,54.3645,7523
2019-09-24 09:34:00,54.28,54.31,54.2101,54.2101,22693
2019-09-24 09:35:00,54.19,54.27,54.19,54.26,24524
2019-09-24 09:36:00,54.28,54.28,54.27,54.27,4367
2019-09-24 09:37:00,54.23,54.23,54.17,54.185,48210
2019-09-24 09:39:00,54.2,54.21,54.19,54.21,299129
2019-09-24 09:40:00,54.19,54.24,54.19,54.22,12864
2019-09-24 09:41:00,54.21,54.23,54.13,54.135,33111
2019-09-24 09:42:00,54.12,54.12,54.0168,54.055,17548
2019-09-24 09:43:00,54.06,54.07,54.02,54.03,21186
2019-09-24 09:44:00,54.03,54.03,53.895,53.895,13908
2019-09-24 09:45:00,53.93,53.935,53.93,53.935,7091
2019-09-24 09:51:00,53.89,53.94,53.89,53.94,98969
2019-09-24 09:52:00,53.96,53.96,53.9185,53.9185,41864
2019-09-24 09:54:00,54.08,54.2,54.08,54.2,61894
2019-09-24 09:55:00,54.2,54.2,54.14,54.14,14677
2019-09-24 09:56:00,54.2,54.2,54.19,54.19,10677
2019-09-24 09:57:00,54.15,54.19,54.15,54.19,19797
2019-09-24 09:58:00,54.17,54.192,54.17,54.192,11851
2019-09-24 09:59:00,54.15,54.16,54.15,54.16,8866
2019-09-24 10:00:00,54.16,54.2,54.14,54.16,19157
2019-09-24 10:01:00,54.15,54.21,54.15,54.2,43564
2019-09-24 10:02:00,54.21,54.25,54.19,54.25,37791
2019-09-24 10:03:00,54.25,54.26,54.14,54.16,16583
2019-09-24 10:04:00,54.17,54.2,54.14,54.18,10789
2019-09-24 10:05:00,54.1979,54.1979,54.16,54.19,8637
2019-09-24 10:06:00,54.18,54.19,54.14,54.15,16071
2019-09-24 10:07:00,54.145,54.16,54.03,54.05,12743
2019-09-24 10:08:00,54.0416,54.0416,53.98,54.02,6966
2019-09-24 10:09:00,54.01,54.05,54.0,54.03,13959
2019-09-24 10:10:00,54.0,54.029,53.99,54.029,4429
2019-09-24 10:11:00,54.01,54.06,54.005,54.04,15867
2019-09-24 10:12:00,54.03,54.04,53.99,53.99,5018
2019-09-24 10:13:00,53.99,54.01,53.93,53.94,12244
2019-09-24 10:14:00,53.9326,53.97,53.9,53.925,6265
2019-09-24 10:15:00,53.9185,53.98,53.9185,53.96,5195
2019-09-24 10:16:00,53.97,53.97,53.82,53.82,9785
2019-09-24 10:17:00,53.82,53.88,53.82,53.87,15811
2019-09-24 10:18:00,53.9,53.91,53.86,53.88,11023
2019-09-24 10:19:00,53.88,53.93,53.88,53.92,3175
2019-09-24 10:20:00,53.9569,53.9569,53.91,53.91,4185
2019-09-24 10:21:00,53.91,53.93,53.89,53.93,5192
2019-09-24 10:22:00,53.9411,54.0199,53.8798,53.8911,9435
2019-09-24 10:23:00,53.9,53.9,53.83,53.86,13248
2019-09-24 10:24:00,53.85,53.88,53.82,53.83,23369
2019-09-24 10:25:00,53.83,53.87,53.81,53.84,6180
2019-09-24 10:26:00,53.83,53.9,53.83,53.9,4922
2019-09-24 10:27:00,53.91,53.93,53.87,53.87,2857
2019-09-24 10:28:00,53.89,53.92,53.89,53.91,5293
2019-09-24 10:29:00,53.9,53.925,53.9,53.92,2057
2019-09-24 10:30:00,53.92,53.97,53.92,53.945,8343
2019-09-24 10:31:00,53.9337,53.99,53.9337,53.99,6206
2019-09-24 10:32:00,53.99,54.04,53.9795,54.04,7984
2019-09-24 10:33:00,54.04,54.12,54.04,54.09,18200
2019-09-24 10:34:00,54.1,54.125,54.07,54.12,4931
2019-09-24 10:35:00,54.12,54.1288,54.1,54.1279,5814
2019-09-24 10:36:00,54.12,54.14,54.115,54.115,7100
2019-09-24 10:37:00,54.13,54.14,54.12,54.13,15117
2019-09-24 10:38:00,54.13,54.14,54.11,54.13,6873
2019-09-24 10:39:00,54.14,54.14,54.11,54.11,6775
2019-09-24 10:40:00,54.11,54.11,54.06,54.06,9453
2019-09-24 10:41:00,54.07,54.07,54.01,54.02,8590
2019-09-24 10:42:00,54.03,54.035,53.97,53.97,6283
2019-09-24 10:43:00,53.98,54.0,53.96,54.0,4074
2019-09-24 10:44:00,54.0,54.03,53.95,53.955,7730
2019-09-24 10:45:00,53.96,53.98,53.95,53.95,6423
2019-09-24 10:46:00,53.94,53.95,53.88,53.88,15400
2019-09-24 10:47:00,53.8732,53.94,53.86,53.94,14239
2019-09-24 10:48:00,53.93,53.97,53.9269,53.96,10078
2019-09-24 10:49:00,53.95,53.97,53.915,53.93,12509
2019-09-24 10:50:00,53.92,53.95,53.9,53.95,4249
2019-09-24 10:51:00,53.95,54.03,53.94,54.03,20260
2019-09-24 10:52:00,54.02,54.06,54.02,54.04,7210
2019-09-24 10:53:00,54.05,54.09,54.03,54.03,16500
2019-09-24 10:54:00,54.04,54.1,54.04,54.09,7291
2019-09-24 10:55:00,54.1,54.13,54.09,54.09,9635
2019-09-24 10:56:00,54.08,54.14,54.08,54.0907,9208
2019-09-24 10:57:00,54.09,54.09,54.07,54.09,2273
2019-09-24 10:59:00,54.08,54.08,54.02,54.04,28333
2019-09-24 11:00:00,54.04,54.06,54.03,54.04,6063
2019-09-24 11:01:00,54.03,54.03,54.02,54.02,4743
2019-09-24 11:02:00,54.02,54.025,53.98,53.98,6639
2019-09-24 11:03:00,53.97,54.02,53.97,54.02,3716
2019-09-24 11:04:00,54.02,54.03,54.01,54.015,5755
2019-09-24 11:05:00,54.01,54.01,53.92,53.95,20917
2019-09-24 11:06:00,53.95,53.99,53.93,53.98,8274
2019-09-24 11:07:00,53.98,54.06,53.98,54.06,7873
2019-09-24 11:08:00,54.07,54.1,54.02,54.06,14896
2019-09-24 11:09:00,54.08,54.09,54.06,54.09,2957
2019-09-24 11:10:00,54.09,54.125,54.09,54.09,3761
2019-09-24 11:11:00,54.1,54.12,54.07,54.07,11705
2019-09-24 11:12:00,54.085,54.12,54.08,54.11,5747
2019-09-24 11:13:00,54.11,54.115,54.08,54.1,6974
2019-09-24 11:14:00,54.11,54.14,54.11,54.12,4399
2019-09-24 11:15:00,54.11,54.135,54.09,54.13,5606
2019-09-24 11:16:00,54.11,54.16,54.11,54.14,33583
2019-09-24 11:17:00,54.14,54.15,54.115,54.125,10982
2019-09-24 11:18:00,54.12,54.14,54.095,54.114,6986
2019-09-24 11:19:00,54.115,54.14,54.115,54.13,3189
2019-09-24 11:20:00,54.135,54.135,54.12,54.13,5114
2019-09-24 11:21:00,54.13,54.14,54.13,54.135,4457
2019-09-24 11:22:00,54.135,54.18,54.13,54.15,10019
2019-09-24 11:23:00,54.15,54.18,54.15,54.16,5221
2019-09-24 11:24:00,54.165,54.2,54.1531,54.16,15983
2019-09-24 11:25:00,54.17,54.18,54.1475,54.161,7996
2019-09-24 11:26:00,54.15,54.17,54.13,54.15,11269
2019-09-24 11:27:00,54.15,54.1833,54.15,54.175,8124
2019-09-24 11:28:00,54.175,54.2,54.175,54.18,44486
2019-09-24 11:29:00,54.18,54.18,54.095,54.1,10363
2019-09-24 11:30:00,54.095,54.115,54.09,54.11,8553
2019-09-24 11:31:00,54.11,54.135,54.07,54.09,11253
2019-09-24 11:32:00,54.09,54.125,54.09,54.11,7371
2019-09-24 11:33:00,54.12,54.12,54.09,54.09,7936
2019-09-24 11:34:00,54.08,54.0999,54.06,54.08,12530
2019-09-24 11:35:00,54.09,54.11,54.08,54.095,13957
2019-09-24 11:36:00,54.1,54.105,54.07,54.075,10052
2019-09-24 11:37:00,54.07,54.075,54.0,54.02,13258
2019-09-24 11:38:00,54.0266,54.0266,53.99,54.01,12390
2019-09-24 11:39:00,54.0,54.01,53.97,53.97,9056
2019-09-24 11:40:00,53.97,53.97,53.87,53.88,23849
2019-09-24 11:41:00,53.87,53.89,53.86,53.86,9103
2019-09-24 11:42:00,53.86,53.89,53.86,53.89,5052
2019-09-24 11:43:00,53.8934,53.91,53.88,53.9,14850
2019-09-24 11:44:00,53.9,53.9,53.86,53.86,5907
2019-09-24 11:45:00,53.85,53.86,53.7302,53.75,19838
2019-09-24 11:46:00,53.74,53.82,53.74,53.815,12717
2019-09-24 11:47:00,53.82,53.85,53.81,53.83,8860
2019-09-24 11:48:00,53.8352,53.92,53.83,53.88,16171
2019-09-24 11:49:00,53.87,53.91,53.87,53.91,6600
2019-09-24 11:50:00,53.9,53.95,53.9,53.945,6600
2019-09-24 11:51:00,53.94,53.96,53.94,53.96,8247
2019-09-24 11:52:00,53.96,53.96,53.94,53.95,10080
2019-09-24 11:53:00,53.95,53.95,53.92,53.92,7047
2019-09-24 11:54:00,53.92,53.935,53.9,53.91,5105
2019-09-24 11:55:00,53.9,53.92,53.88,53.905,5195
2019-09-24 11:56:00,53.89,53.94,53.89,53.93,8117
2019-09-24 11:57:00,53.93,53.93,53.9,53.91,2127
2019-09-24 11:58:00,53.91,53.93,53.9,53.93,3934
2019-09-24 11:59:00,53.9365,53.9722,53.93,53.95,9705
2019-09-24 12:00:00,53.97,53.99,53.96,53.97,4723
2019-09-24 12:01:00,53.96,53.96,53.9,53.94,5603
2019-09-24 12:02:00,53.95,53.97,53.945,53.95,18423
2019-09-24 12:03:00,53.96,53.97,53.96,53.96,1970
2019-09-24 12:04:00,53.965,53.97,53.94,53.94,5315
2019-09-24 12:05:00,53.9457,53.965,53.94,53.95,5567
2019-09-24 12:06:00,53.96,53.995,53.95,53.99,3142
2019-09-24 12:07:00,53.99,54.0,53.98,53.98,7685
2019-09-24 12:08:00,53.98,53.98,53.96,53.97,3650
2019-09-24 12:09:00,53.97,53.98,53.97,53.98,4877
2019-09-24 12:10:00,53.98,54.0,53.95,53.99,8909
2019-09-24 12:11:00,53.98,53.9963,53.98,53.98,5653
2019-09-24 12:12:00,53.98,53.99,53.97,53.97,4258
2019-09-24 12:13:00,53.98,54.0,53.965,53.9842,9561
2019-09-24 12:14:00,53.985,54.0,53.98,53.99,5374
2019-09-24 12:15:00,54.0,54.0,53.98,53.98,4945
2019-09-24 12:16:00,53.98,53.99,53.97,53.97,3826
2019-09-24 12:17:00,53.97,53.99,53.95,53.97,5318
2019-09-24 12:18:00,53.98,53.98,53.96,53.97,4798
2019-09-24 12:19:00,53.97,53.97,53.92,53.94,4463
2019-09-24 12:20:00,53.94,53.945,53.83,53.83,16730
2019-09-24 12:21:00,53.83,53.86,53.82,53.84,5008
2019-09-24 12:22:00,53.85,53.895,53.85,53.895,4918
2019-09-24 12:23:00,53.88,53.89,53.79,53.81,17103
2019-09-24 12:24:00,53.8117,53.8724,53.6631,53.6817,68181
2019-09-24 12:25:00,53.68,53.76,53.67,53.76,13060
2019-09-24 12:26:00,53.76,53.79,53.745,53.79,14914
2019-09-24 12:27:00,53.79,53.79,53.725,53.725,8961
2019-09-24 12:28:00,53.73,53.76,53.73,53.745,5910
2019-09-24 12:29:00,53.74,53.74,53.64,53.67,12770
2019-09-24 12:30:00,53.68,53.725,53.66,53.72,6542
2019-09-24 12:31:00,53.72,53.7217,53.68,53.69,9551
2019-09-24 12:32:00,53.69,53.74,53.69,53.7303,14035
2019-09-24 12:33:00,53.73,53.76,53.72,53.74,17506
2019-09-24 12:34:00,53.745,53.79,53.74,53.76,12678
2019-09-24 12:35:00,53.78,53.78,53.75,53.77,2755
2019-09-24 12:36:00,53.77,53.8,53.77,53.785,20065
2019-09-24 12:37:00,53.785,53.785,53.73,53.76,20941
2019-09-24 12:38:00,53.77,53.77,53.745,53.745,10964
2019-09-24 12:39:00,53.74,53.74,53.68,53.69,42816
2019-09-24 12:40:00,53.7,53.715,53.67,53.7,38895
2019-09-24 12:41:00,53.69,53.7,53.58,53.5953,52532
2019-09-24 12:42:00,53.59,53.59,53.53,53.54,20131
2019-09-24 12:43:00,53.54,53.59,53.54,53.56,13659
2019-09-24 12:44:00,53.55,53.6,53.54,53.59,7137
2019-09-24 12:45:00,53.595,53.61,53.58,53.61,7674
2019-09-24 12:46:00,53.62,53.62,53.58,53.58,6542
2019-09-24 12:47:00,53.57,53.6,53.57,53.58,5564
2019-09-24 12:48:00,53.585,53.63,53.58,53.63,5805
2019-09-24 12:49:00,53.64,53.65,53.63,53.65,8432
2019-09-24 12:50:00,53.64,53.65,53.615,53.65,5349
2019-09-24 12:51:00,53.65,53.65,53.58,53.58,5193
2019-09-24 12:52:00,53.58,53.59,53.55,53.55,8757
2019-09-24 12:53:00,53.555,53.5552,53.5,53.515,23164
2019-09-24 12:54:00,53.51,53.525,53.5,53.51,9870
2019-09-24 12:55:00,53.51,53.5277,53.4747,53.4747,12321
2019-09-24 12:56:00,53.48,53.53,53.48,53.53,8859
2019-09-24 12:57:00,53.535,53.54,53.49,53.495,11728
2019-09-24 12:58:00,53.495,53.495,53.4125,53.4125,13856
2019-09-24 12:59:00,53.42,53.5,53.42,53.5,9776
2019-09-24 13:00:00,53.49,53.5,53.45,53.46,11205
2019-09-24 13:01:00,53.45,53.465,53.44,53.465,8736
2019-09-24 13:02:00,53.472,53.5451,53.4701,53.497,20729
2019-09-24 13:03:00,53.5,53.505,53.4734,53.4734,19350
2019-09-24 13:04:00,53.475,53.51,53.47,53.51,9244
2019-09-24 13:05:00,53.5021,53.53,53.5,53.53,3927
2019-09-24 13:06:00,53.53,53.58,53.515,53.58,8339
2019-09-24 13:07:00,53.56,53.63,53.56,53.63,6749
2019-09-24 13:08:00,53.63,53.65,53.61,53.65,4867
2019-09-24 13:09:00,53.65,53.6744,53.63,53.63,4689
2019-09-24 13:10:00,53.635,53.64,53.61,53.6101,5904
2019-09-24 13:11:00,53.61,53.62,53.58,53.62,9216
2019-09-24 13:12:00,53.625,53.65,53.625,53.645,4781
2019-09-24 13:13:00,53.645,53.645,53.54,53.58,11548
2019-09-24 13:14:00,53.55,53.58,53.5267,53.58,9838
2019-09-24 13:15:00,53.575,53.6,53.565,53.565,7197
2019-09-24 13:16:00,53.565,53.62,53.565,53.61,7780
2019-09-24 13:17:00,53.6,53.61,53.57,53.58,7552
2019-09-24 13:18:00,53.58,53.6167,53.56,53.6167,9755
2019-09-24 13:19:00,53.61,53.6132,53.57,53.6,7723
2019-09-24 13:20:00,53.5901,53.5901,53.56,53.59,5749
2019-09-24 13:21:00,53.59,53.59,53.53,53.53,6166
2019-09-24 13:22:00,53.535,53.5467,53.52,53.54,8639
2019-09-24 13:23:00,53.54,53.54,53.465,53.465,4167
2019-09-24 13:24:00,53.46,53.47,53.44,53.46,10057
2019-09-24 13:25:00,53.47,53.485,53.4575,53.485,5247
2019-09-24 13:26:00,53.48,53.53,53.48,53.53,4372
2019-09-24 13:27:00,53.53,53.57,53.53,53.56,5640
2019-09-24 13:28:00,53.5675,53.59,53.5643,53.57,4710
2019-09-24 13:29:00,53.58,53.6,53.575,53.59,4978
2019-09-24 13:30:00,53.57,53.58,53.53,53.53,29870
2019-09-24 13:31:00,53.53,53.59,53.53,53.56,54705
2019-09-24 13:32:00,53.57,53.58,53.5302,53.55,9321
2019-09-24 13:33:00,53.54,53.6236,53.535,53.615,7424
2019-09-24 13:34:00,53.615,53.64,53.615,53.63,4448
2019-09-24 13:35:00,53.635,53.65,53.61,53.61,6658
2019-09-24 13:36:00,53.61,53.62,53.58,53.61,4464
2019-09-24 13:37:00,53.615,53.64,53.61,53.63,4132
2019-09-24 13:38:00,53.63,53.65,53.6234,53.635,5496
2019-09-24 13:39:00,53.635,53.635,53.6,53.6,4746
2019-09-24 13:40:00,53.59,53.605,53.5839,53.59,10162
2019-09-24 13:41:00,53.59,53.5949,53.58,53.58,2369
2019-09-24 13:42:00,53.575,53.575,53.535,53.54,3946
2019-09-24 13:43:00,53.54,53.555,53.53,53.53,5209
2019-09-24 13:44:00,53.5369,53.54,53.525,53.525,11085
2019-09-24 13:45:00,53.525,53.525,53.485,53.5,27978
2019-09-24 13:46:00,53.51,53.52,53.49,53.52,7480
2019-09-24 13:47:00,53.53,53.57,53.53,53.55,22454
2019-09-24 13:48:00,53.555,53.575,53.54,53.57,8815
2019-09-24 13:49:00,53.57,53.66,53.57,53.65,16287
2019-09-24 13:50:00,53.64,53.75,53.64,53.74,17082
2019-09-24 13:51:00,53.74,53.765,53.71,53.765,22353
2019-09-24 13:52:00,53.765,53.775,53.735,53.755,24428
2019-09-24 13:53:00,53.74,53.77,53.735,53.74,14930
2019-09-24 13:54:00,53.73,53.8,53.72,53.8,23278
2019-09-24 13:55:00,53.79,53.8,53.7,53.7,17562
2019-09-24 13:56:00,53.71,53.81,53.71,53.81,34348
2019-09-24 13:57:00,53.815,53.87,53.815,53.85,17472
2019-09-24 13:58:00,53.85,53.86,53.83,53.85,12252
2019-09-24 13:59:00,53.85,53.89,53.85,53.87,20460
2019-09-24 14:00:00,53.87,53.91,53.87,53.91,27568
2019-09-24 14:01:00,53.895,53.905,53.86,53.88,40502
2019-09-24 14:02:00,53.88,53.98,53.88,53.96,37905
2019-09-24 14:03:00,53.955,54.04,53.955,54.025,53476
2019-09-24 14:04:00,54.02,54.025,53.9,53.905,11579
2019-09-24 14:05:00,53.92,53.95,53.89,53.9,24859
2019-09-24 14:06:00,53.9,53.98,53.8946,53.93,14722
2019-09-24 14:07:00,53.91,53.92,53.79,53.79,25536
2019-09-24 14:08:00,53.77,53.77,53.725,53.73,6364
2019-09-24 14:09:00,53.74,53.77,53.74,53.77,5309
2019-09-24 14:10:00,53.77,53.77,53.75,53.75,3792
2019-09-24 14:11:00,53.75,53.75,53.715,53.73,5008
2019-09-24 14:12:00,53.74,53.75,53.715,53.72,6677
2019-09-24 14:13:00,53.71,54.07,53.71,54.04,32739
2019-09-24 14:14:00,54.02,54.17,53.99,54.0311,21595
2019-09-24 14:15:00,54.06,54.12,54.05,54.12,18014
2019-09-24 14:16:00,54.1,54.11,54.01,54.02,15408
2019-09-24 14:17:00,54.02,54.09,54.0,54.08,13114
2019-09-24 14:18:00,54.06,54.17,54.02,54.13,15472
2019-09-24 14:19:00,54.14,54.24,54.12,54.21,30121
2019-09-24 14:20:00,54.22,54.28,54.18,54.265,16481
2019-09-24 14:21:00,54.265,54.32,54.21,54.21,33697
2019-09-24 14:22:00,54.2,54.2699,54.2,54.255,11680
2019-09-24 14:23:00,54.26,54.28,54.17,54.18,11893
2019-09-24 14:24:00,54.18,54.23,54.18,54.22,8165
2019-09-24 14:25:00,54.21,54.23,54.21,54.22,15202
2019-09-24 14:26:00,54.22,54.25,54.22,54.23,12483
2019-09-24 14:27:00,54.2275,54.26,54.22,54.25,6948
2019-09-24 14:28:00,54.24,54.25,54.215,54.23,4056
2019-09-24 14:29:00,54.23,54.235,54.19,54.23,8600
2019-09-24 14:30:00,54.23,54.23,54.19,54.22,4691
2019-09-24 14:31:00,54.225,54.235,54.195,54.22,4814
2019-09-24 14:32:00,54.21,54.21,54.18,54.18,1892
2019-09-24 14:33:00,54.18,54.18,54.15,54.1705,5688
2019-09-24 14:34:00,54.16,54.19,54.135,54.135,10111
2019-09-24 14:35:00,54.14,54.19,54.14,54.19,7076
2019-09-24 14:36:00,54.19,54.23,54.17,54.18,11663
2019-09-24 14:37:00,54.175,54.27,54.17,54.26,16845
2019-09-24 14:38:00,54.25,54.25,54.04,54.04,39276
2019-09-24 14:39:00,54.03,54.12,54.03,54.1,14533
2019-09-24 14:40:00,54.0817,54.1526,54.0525,54.0617,13260
2019-09-24 14:41:00,54.05,54.06,53.985,53.995,6748
2019-09-24 14:42:00,53.99,53.99,53.87,53.875,9482
2019-09-24 14:43:00,53.86,53.9,53.86,53.9,19333
2019-09-24 14:44:00,53.891,53.91,53.87,53.91,2340
2019-09-24 14:45:00,53.9,53.91,53.87,53.89,12298
2019-09-24 14:46:00,53.89,53.93,53.885,53.92,6983
2019-09-24 14:47:00,53.905,53.97,53.89,53.97,14063
2019-09-24 14:48:00,53.97,54.0,53.96,53.98,11391
2019-09-24 14:49:00,53.98,54.065,53.98,54.05,10886
2019-09-24 14:50:00,54.055,54.1,54.04,54.1,20108
2019-09-24 14:51:00,54.0922,54.1618,54.0918,54.1022,27970
2019-09-24 14:52:00,54.11,54.14,54.1,54.14,9907
2019-09-24 14:53:00,54.15,54.19,54.15,54.1622,11269
2019-09-24 14:54:00,54.1714,54.2225,54.1024,54.1314,18211
2019-09-24 14:55:00,54.1,54.16,54.09,54.13,6943
2019-09-24 14:56:00,54.12,54.12,54.09,54.09,6539
2019-09-24 14:57:00,54.09,54.1,54.065,54.065,3445
2019-09-24 14:58:00,54.06,54.12,54.05,54.05,16564
2019-09-24 14:59:00,54.05,54.0594,54.01,54.04,17346
2019-09-24 15:00:00,54.04,54.06,54.01,54.05,8285
2019-09-24 15:01:00,54.05,54.07,54.025,54.05,16527
2019-09-24 15:02:00,54.06,54.07,54.015,54.015,8970
2019-09-24 15:03:00,54.02,54.06,54.02,54.05,5038
2019-09-24 15:04:00,54.04,54.115,54.04,54.11,14882
2019-09-24 15:05:00,54.11,54.1151,54.1,54.11,4385
2019-09-24 15:06:00,54.12,54.19,54.12,54.14,25280
2019-09-24 15:07:00,54.14,54.15,54.1,54.12,8694
2019-09-24 15:08:00,54.12,54.13,54.1,54.1,10142
2019-09-24 15:09:00,54.1,54.125,54.1,54.11,5575
2019-09-24 15:10:00,54.1,54.12,54.065,54.065,5854
2019-09-24 15:11:00,54.06,54.0965,54.06,54.095,16009
2019-09-24 15:12:00,54.09,54.09,54.065,54.07,37483
2019-09-24 15:13:00,54.075,54.1354,54.07,54.095,146796
2019-09-24 15:14:00,54.09,54.11,54.065,54.07,137413
2019-09-24 15:15:00,54.065,54.065,54.0,54.01,35085
2019-09-24 15:16:00,54.01,54.0156,53.98,54.015,11362
2019-09-24 15:17:00,54.01,54.015,53.995,53.995,5474
2019-09-24 15:18:00,53.99,54.0,53.975,53.99,39051
2019-09-24 15:19:00,53.99,53.995,53.95,53.96,27464
2019-09-24 15:20:00,53.96,53.96,53.935,53.9475,12769
2019-09-24 15:21:00,53.95,53.98,53.94,53.98,28356
2019-09-24 15:22:00,53.98,53.99,53.925,53.925,17290
2019-09-24 15:23:00,53.925,53.925,53.82,53.83,14761
2019-09-24 15:24:00,53.84,53.845,53.82,53.83,7778
2019-09-24 15:25:00,53.83,53.85,53.82,53.845,25954
2019-09-24 15:26:00,53.8459,53.87,53.84,53.87,12880
2019-09-24 15:27:00,53.86,53.88,53.84,53.865,21578
2019-09-24 15:28:00,53.865,53.885,53.85,53.885,11185
2019-09-24 15:29:00,53.89,53.91,53.875,53.89,15250
2019-09-24 15:30:00,53.895,53.9,53.86,53.86,10881
2019-09-24 15:31:00,53.855,53.865,53.84,53.845,28162
2019-09-24 15:32:00,53.84,53.845,53.825,53.84,15871
2019-09-24 15:33:00,53.84,53.845,53.82,53.825,11340
2019-09-24 15:34:00,53.82,53.83,53.815,53.83,16513
2019-09-24 15:35:00,53.8312,53.8312,53.785,53.805,17342
2019-09-24 15:36:00,53.81,53.83,53.8,53.81,27337
2019-09-24 15:37:00,53.815,53.84,53.805,53.835,17565
2019-09-24 15:38:00,53.835,53.835,53.8,53.815,18453
2019-09-24 15:39:00,53.81,53.835,53.795,53.835,14627
2019-09-24 15:40:00,53.835,53.84,53.81,53.815,15080
2019-09-24 15:41:00,53.815,53.815,53.8,53.81,7348
2019-09-24 15:42:00,53.815,53.84,53.795,53.835,29022
2019-09-24 15:43:00,53.835,53.865,53.835,53.855,28986
2019-09-24 15:44:00,53.855,53.875,53.845,53.845,24078
2019-09-24 15:45:00,53.845,53.865,53.84,53.865,16113
2019-09-24 15:46:00,53.865,53.955,53.86,53.9468,38012
2019-09-24 15:47:00,53.95,53.97,53.93,53.965,19531
2019-09-24 15:48:00,53.97,53.99,53.96,53.9851,17167
2019-09-24 15:49:00,53.985,54.08,53.985,54.06,33230
2019-09-24 15:50:00,54.07,54.09,54.05,54.055,37892
2019-09-24 15:51:00,54.05,54.055,53.96,53.9949,44643
2019-09-24 15:52:00,54.0,54.03,53.985,53.985,28490
2019-09-24 15:53:00,53.99,54.0,53.96,53.99,56148
2019-09-24 15:54:00,53.98,53.99,53.94,53.97,45380
2019-09-24 15:55:00,53.98,54.01,53.98,53.98,37662
2019-09-24 15:56:00,53.98,53.98,53.87,53.895,116243
2019-09-24 15:57:00,53.89,53.905,53.89,53.9,54704
2019-09-24 15:58:00,53.89,53.92,53.89,53.915,45940
2019-09-24 15:59:00,53.915,53.95,53.9,53.925,66730
2019-09-24 16:00:00,53.93,54.0,53.9,53.99,222081
2019-09-25 09:31:00,53.9,53.9,53.9,53.9,78482
2019-09-25 09:32:00,53.9,53.9,53.85,53.87,6890
2019-09-25 09:33:00,53.87,53.96,53.855,53.94,10225
2019-09-25 09:34:00,53.9719,54.1102,53.9701,54.0519,16677
2019-09-25 09:35:00,54.06,54.09,54.01,54.05,5243
2019-09-25 09:36:00,54.09,54.09,53.99,54.04,11062
2019-09-25 09:37:00,54.03,54.03,53.9,53.908,6807
2019-09-25 09:38:00,53.94,54.05,53.94,54.05,14475
2019-09-25 09:39:00,54.06,54.1,54.02,54.08,17592
2019-09-25 09:40:00,54.09,54.09,54.035,54.07,9150
2019-09-25 09:41:00,54.085,54.1,54.0,54.02,11431
2019-09-25 09:42:00,54.03,54.03,53.985,54.01,6011
2019-09-25 09:43:00,54.0319,54.0949,54.0301,54.0319,15787
2019-09-25 09:44:00,54.03,54.03,53.93,53.94,6074
2019-09-25 09:45:00,53.945,53.945,53.89,53.92,4996
2019-09-25 09:46:00,53.91,53.91,53.85,53.86,14430
2019-09-25 09:47:00,53.8688,53.9316,53.8315,53.8422,18488
2019-09-25 09:48:00,53.85,53.88,53.83,53.84,16891
2019-09-25 09:49:00,53.83,53.85,53.77,53.77,5762
2019-09-25 09:50:00,53.7711,53.8423,53.7623,53.7811,11417
2019-09-25 09:51:00,53.78,53.78,53.66,53.66,12250
2019-09-25 09:52:00,53.68,53.74,53.675,53.74,7897
2019-09-25 09:53:00,53.7609,53.8466,53.7365,53.8009,7016
2019-09-25 09:54:00,53.8,53.8202,53.75,53.77,8759
2019-09-25 09:55:00,53.77,53.79,53.75,53.77,8651
2019-09-25 09:56:00,53.7222,53.7815,53.7214,53.7322,2599
2019-09-25 09:57:00,53.7,53.72,53.65,53.7,3315
2019-09-25 09:58:00,53.7,53.715,53.67,53.69,3625
2019-09-25 09:59:00,53.67,53.69,53.602,53.61,7950
2019-09-25 10:00:00,53.63,53.68,53.58,53.67,12792
2019-09-25 10:01:00,53.69,53.735,53.65,53.71,34780
2019-09-25 10:02:00,53.71,53.762,53.6519,53.7014,36831
2019-09-25 10:03:00,53.7211,53.7823,53.6922,53.7161,11623
2019-09-25 10:04:00,53.71,53.85,53.69,53.85,18676
2019-09-25 10:05:00,53.84,53.88,53.8,53.855,18063
2019-09-25 10:06:00,53.8409,53.8866,53.8066,53.8309,8698
2019-09-25 10:07:00,53.8338,53.94,53.82,53.87,12024
2019-09-25 10:08:00,53.86,53.87,53.79,53.79,11690
2019-09-25 10:09:00,53.8,53.97,53.8,53.96,21561
2019-09-25 10:10:00,53.94,53.94,53.82,53.8488,11177
2019-09-25 10:11:00,53.85,53.93,53.82,53.82,8988
2019-09-25 10:12:00,53.81,53.8181,53.76,53.76,9796
2019-09-25 10:13:00,53.76,53.77,53.73,53.74,17950
2019-09-25 10:14:00,53.73,53.78,53.73,53.78,7812
2019-09-25 10:15:00,53.78,53.78,53.74,53.76,13224
2019-09-25 10:16:00,53.76,53.8,53.7331,53.8,13709
2019-09-25 10:17:00,53.8,53.84,53.775,53.83,8738
2019-09-25 10:18:00,53.82,53.82,53.75,53.755,5601
2019-09-25 10:19:00,53.75,53.78,53.73,53.77,16482
2019-09-25 10:20:00,53.76,53.78,53.74,53.78,9934
2019-09-25 10:21:00,53.76,53.76,53.6951,53.71,17324
2019-09-25 10:22:00,53.7,53.82,53.69,53.75,17840
2019-09-25 10:23:00,53.77,53.79,53.74,53.77,5317
2019-09-25 10:24:00,53.77,53.77,53.71,53.73,4342
2019-09-25 10:25:00,53.72,53.72,53.7,53.7,12211
2019-09-25 10:26:00,53.72,53.855,53.72,53.83,8187
2019-09-25 10:27:00,53.83,53.835,53.8016,53.805,5307
2019-09-25 10:28:00,53.82,53.85,53.79,53.85,3806
2019-09-25 10:29:00,53.86,53.91,53.85,53.88,6340
2019-09-25 10:30:00,53.88,53.9691,53.88,53.9691,10469
2019-09-25 10:31:00,53.95,54.01,53.93,54.01,18884
2019-09-25 10:32:00,54.03,54.08,54.03,54.05,11199
2019-09-25 10:33:00,54.05,54.0746,54.01,54.02,8308
2019-09-25 10:34:00,54.01,54.02,53.98,53.98,10266
2019-09-25 10:35:00,53.98,54.0,53.96,53.965,4006
2019-09-25 10:36:00,53.96,54.01,53.96,54.01,9468
2019-09-25 10:37:00,54.01,54.01,53.98,53.98,5582
2019-09-25 10:38:00,53.97,53.97,53.92,53.9555,9789
2019-09-25 10:39:00,53.96,54.0,53.92,53.99,8182
2019-09-25 10:40:00,53.98,54.0,53.98,53.99,12731
2019-09-25 10:41:00,53.99,54.0,53.965,53.965,10908
2019-09-25 10:42:00,53.96,53.98,53.96,53.965,4476
2019-09-25 10:43:00,53.96,53.985,53.95,53.96,5147
2019-09-25 10:44:00,53.95,53.97,53.89,53.915,7382
2019-09-25 10:45:00,53.91,53.975,53.9,53.975,7897
2019-09-25 10:46:00,53.97,53.975,53.94,53.94,10301
2019-09-25 10:47:00,53.96,54.0,53.93,53.99,10285
2019-09-25 10:48:00,53.99,54.0,53.98,53.98,5317
2019-09-25 10:49:00,53.98,53.995,53.98,53.99,2510
2019-09-25 10:50:00,53.995,53.9968,53.98,53.99,6555
2019-09-25 10:51:00,53.995,53.995,53.96,53.97,3855
2019-09-25 10:52:00,53.9667,54.0425,53.9625,53.9917,8917
2019-09-25 10:53:00,53.99,54.11,53.98,54.03,14316
2019-09-25 10:54:00,54.03,54.055,54.02,54.04,9069
2019-09-25 10:55:00,54.07,54.1792,54.06,54.11,16062
2019-09-25 10:56:00,54.11,54.13,54.08,54.12,6273
2019-09-25 10:57:00,54.12,54.1447,54.1,54.13,27541
2019-09-25 10:58:00,54.125,54.125,54.07,54.07,5739
2019-09-25 10:59:00,54.09,54.09,54.02,54.025,6351
2019-09-25 11:00:00,54.03,54.04,54.0,54.0,4353
2019-09-25 11:01:00,54.01,54.02,53.99,54.01,9352
2019-09-25 11:02:00,54.01,54.0601,54.0,54.0601,5529
2019-09-25 11:03:00,54.045,54.045,53.98,53.99,5025
2019-09-25 11:04:00,54.07,54.08,54.07,54.07,1513
2019-09-25 11:05:00,54.09,54.12,54.085,54.085,4987
2019-09-25 11:06:00,54.1,54.16,54.1,54.13,8521
2019-09-25 11:07:00,54.14,54.15,54.12,54.13,10992
2019-09-25 11:08:00,54.12,54.15,54.12,54.13,8842
2019-09-25 11:09:00,54.12,54.13,54.11,54.13,8909
2019-09-25 11:10:00,54.06,54.06,54.06,54.06,5067
2019-09-25 11:11:00,54.05,54.08,54.05,54.06,5701
2019-09-25 11:12:00,54.06,54.08,54.04,54.08,11862
2019-09-25 11:13:00,54.08,54.11,54.065,54.105,5859
2019-09-25 11:14:00,54.11,54.12,54.09,54.12,4422
2019-09-25 11:15:00,54.12,54.12,54.1,54.115,11118
2019-09-25 11:16:00,54.13,54.16,54.125,54.1253,12623
2019-09-25 11:17:00,54.13,54.155,54.13,54.145,14069
2019-09-25 11:18:00,54.155,54.16,54.13,54.135,12380
2019-09-25 11:19:00,54.14,54.14,54.05,54.085,8021
2019-09-25 11:20:00,54.09,54.09,54.065,54.065,4935
2019-09-25 11:21:00,54.065,54.1,54.065,54.08,10479
2019-09-25 11:22:00,54.08,54.11,54.08,54.1066,8008
2019-09-25 11:23:00,54.11,54.16,54.11,54.15,17223
2019-09-25 11:24:00,54.155,54.17,54.153,54.16,8590
2019-09-25 11:25:00,54.16,54.185,54.11,54.11,20336
2019-09-25 11:26:00,54.115,54.125,54.08,54.085,11977
2019-09-25 11:27:00,54.085,54.085,54.025,54.025,26128
2019-09-25 11:28:00,54.025,54.045,53.965,53.97,10902
2019-09-25 11:29:00,53.965,53.975,53.93,53.96,15811
2019-09-25 11:30:00,53.965,53.975,53.93,53.93,9221
2019-09-25 11:31:00,53.936,53.98,53.935,53.975,8072
2019-09-25 11:32:00,53.93,53.94,53.93,53.94,8846
2019-09-25 11:33:00,53.94,53.945,53.89,53.925,12233
2019-09-25 11:34:00,53.935,53.9573,53.915,53.92,9764
2019-09-25 11:35:00,53.92,53.945,53.89,53.89,10818
2019-09-25 11:36:00,53.89,53.9,53.885,53.89,5216
2019-09-25 11:37:00,53.905,53.9158,53.87,53.9,20302
2019-09-25 11:38:00,53.89,53.92,53.89,53.915,5893
2019-09-25 11:39:00,53.91,53.94,53.905,53.94,6110
2019-09-25 11:40:00,53.945,53.9541,53.915,53.925,14285
2019-09-25 11:41:00,53.925,53.93,53.91,53.925,8779
2019-09-25 11:42:00,53.93,53.965,53.93,53.955,10723
2019-09-25 11:43:00,53.94,53.945,53.92,53.93,7854
2019-09-25 11:44:00,53.93,53.95,53.92,53.945,11778
2019-09-25 11:45:00,53.94,53.975,53.935,53.95,14125
2019-09-25 11:46:00,53.95,53.975,53.95,53.965,4955
2019-09-25 11:47:00,53.97,53.98,53.96,53.97,4149
2019-09-25 11:48:00,53.97,54.02,53.96,53.99,14259
2019-09-25 11:49:00,53.985,54.0,53.985,53.995,3688
2019-09-25 11:50:00,53.99,53.995,53.935,53.95,25090
2019-09-25 11:51:00,53.94,53.955,53.93,53.935,5373
2019-09-25 11:52:00,53.94,53.945,53.84,53.875,18783
2019-09-25 11:53:00,53.88,53.9083,53.88,53.895,7056
2019-09-25 11:54:00,53.89,53.925,53.885,53.92,12817
2019-09-25 11:55:00,53.93,53.94,53.92,53.94,5523
2019-09-25 11:56:00,53.95,53.96,53.945,53.96,2361
2019-09-25 11:57:00,53.95,53.98,53.95,53.97,5342
2019-09-25 11:58:00,53.98,53.98,53.955,53.955,4617
2019-09-25 11:59:00,53.955,53.99,53.95,53.99,10430
2019-09-25 12:00:00,53.99,54.0,53.99,53.99,7403
2019-09-25 12:01:00,53.99,54.035,53.99,54.0,9146
2019-09-25 12:02:00,54.01,54.025,53.99,54.01,8383
2019-09-25 12:03:00,54.01,54.05,54.01,54.035,7300
2019-09-25 12:04:00,54.04,54.055,54.025,54.05,7670
2019-09-25 12:05:00,54.06,54.115,54.06,54.115,12658
2019-09-25 12:06:00,54.115,54.12,54.07,54.0845,20780
2019-09-25 12:07:00,54.09,54.12,54.09,54.1,11841
2019-09-25 12:08:00,54.09,54.11,54.08,54.1,5389
2019-09-25 12:09:00,54.1,54.105,54.08,54.08,4724
2019-09-25 12:10:00,54.07,54.14,54.07,54.1,12022
2019-09-25 12:11:00,54.1,54.11,54.09,54.11,11654
2019-09-25 12:12:00,54.1,54.11,54.09,54.1,7572
2019-09-25 12:13:00,54.105,54.11,54.05,54.07,8850
2019-09-25 12:14:00,54.07,54.08,54.045,54.06,6393
2019-09-25 12:15:00,54.06,54.065,54.05,54.06,5684
2019-09-25 12:16:00,54.05,54.07,54.05,54.06,6332
2019-09-25 12:17:00,54.07,54.08,54.03,54.04,8078
2019-09-25 12:18:00,54.05,54.06,54.04,54.04,5576
2019-09-25 12:19:00,54.04,54.04,54.015,54.015,6227
2019-09-25 12:20:00,54.02,54.03,53.98,54.03,19501
2019-09-25 12:21:00,54.0299,54.05,54.02,54.02,5283
2019-09-25 12:22:00,54.0,54.01,53.985,54.0,5534
2019-09-25 12:23:00,54.0,54.035,54.0,54.02,5516
2019-09-25 12:24:00,54.025,54.025,54.015,54.02,2470
2019-09-25 12:25:00,54.02,54.06,54.02,54.06,3428
2019-09-25 12:26:00,54.06,54.08,54.05,54.08,9975
2019-09-25 12:27:00,54.08,54.08,54.04,54.065,4412
2019-09-25 12:28:00,54.07,54.075,54.065,54.07,6678
2019-09-25 12:29:00,54.06,54.09,54.06,54.08,6318
2019-09-25 12:30:00,54.08,54.1,54.08,54.09,4300
2019-09-25 12:31:00,54.1,54.13,54.08,54.12,10821
2019-09-25 12:32:00,54.12,54.12,54.1,54.11,2506
2019-09-25 12:33:00,54.115,54.12,54.1,54.1,5707
2019-09-25 12:34:00,54.0973,54.1,54.09,54.09,3951
2019-09-25 12:35:00,54.09,54.1,54.09,54.09,3734
2019-09-25 12:36:00,54.09,54.1,54.09,54.1,5445
2019-09-25 12:37:00,54.1,54.13,54.0992,54.13,9407
2019-09-25 12:38:00,54.135,54.135,54.12,54.12,2555
2019-09-25 12:39:00,54.125,54.125,54.11,54.115,4030
2019-09-25 12:40:00,54.125,54.1399,54.11,54.11,3901
2019-09-25 12:41:00,54.12,54.12,54.1,54.1,4291
2019-09-25 12:42:00,54.11,54.12,54.1,54.1,2527
2019-09-25 12:43:00,54.1,54.1,54.09,54.09,2513
2019-09-25 12:44:00,54.09,54.095,54.08,54.09,4603
2019-09-25 12:45:00,54.1,54.1,54.09,54.1,3318
2019-09-25 12:46:00,54.09,54.112,54.09,54.11,4858
2019-09-25 12:47:00,54.1,54.1,54.07,54.07,4791
2019-09-25 12:48:00,54.07,54.075,54.06,54.075,3220
2019-09-25 12:49:00,54.07,54.1,54.065,54.09,5904
2019-09-25 12:50:00,54.09,54.11,54.09,54.11,2921
2019-09-25 12:51:00,54.11,54.11,54.08,54.1,3202
2019-09-25 12:52:00,54.0995,54.1,54.09,54.09,5028
2019-09-25 12:53:00,54.1,54.13,54.09,54.13,12469
2019-09-25 12:54:00,54.125,54.15,54.125,54.15,3651
2019-09-25 12:55:00,54.15,54.16,54.145,54.16,4048
2019-09-25 12:56:00,54.165,54.21,54.165,54.2,15031
2019-09-25 12:57:00,54.2,54.23,54.16,54.17,16186
2019-09-25 12:58:00,54.1619,54.2203,54.1503,54.1619,10393
2019-09-25 12:59:00,54.16,54.19,54.16,54.18,5252
2019-09-25 13:00:00,54.18,54.21,54.18,54.19,10333
2019-09-25 13:01:00,54.19,54.21,54.19,54.21,2956
2019-09-25 13:02:00,54.195,54.2,54.17,54.17,7664
2019-09-25 13:03:00,54.165,54.26,54.165,54.24,12796
2019-09-25 13:04:00,54.25,54.37,54.25,54.37,58231
2019-09-25 13:05:00,54.37,54.37,54.315,54.33,15193
2019-09-25 13:06:00,54.33,54.33,54.3,54.31,10294
2019-09-25 13:07:00,54.31,54.32,54.3,54.3,4908
2019-09-25 13:08:00,54.3,54.3135,54.3,54.31,3417
2019-09-25 13:09:00,54.31,54.35,54.3,54.35,8992
2019-09-25 13:10:00,54.35,54.365,54.335,54.36,6271
2019-09-25 13:11:00,54.36,54.36,54.34,54.35,13228
2019-09-25 13:12:00,54.3568,54.3568,54.35,54.35,4117
2019-09-25 13:13:00,54.35,54.35,54.315,54.32,5106
2019-09-25 13:14:00,54.33,54.36,54.33,54.36,2364
2019-09-25 13:15:00,54.36,54.39,54.36,54.39,5942
2019-09-25 13:16:00,54.38,54.41,54.375,54.41,13395
2019-09-25 13:17:00,54.4,54.43,54.4,54.42,23491
2019-09-25 13:18:00,54.42,54.4351,54.4,54.41,9339
2019-09-25 13:19:00,54.42,54.43,54.415,54.4201,9190
2019-09-25 13:20:00,54.43,54.44,54.4,54.435,26678
2019-09-25 13:21:00,54.43,54.44,54.415,54.4392,8592
2019-09-25 13:22:00,54.44,54.45,54.44,54.44,6295
2019-09-25 13:23:00,54.45,54.465,54.44,54.45,7078
2019-09-25 13:24:00,54.45,54.48,54.45,54.47,10031
2019-09-25 13:25:00,54.47,54.475,54.465,54.47,4558
2019-09-25 13:26:00,54.475,54.48,54.46,54.48,14512
2019-09-25 13:27:00,54.48,54.54,54.48,54.53,20350
2019-09-25 13:28:00,54.5259,54.5499,54.52,54.54,18167
2019-09-25 13:29:00,54.53,54.53,54.51,54.51,7007
2019-09-25 13:30:00,54.515,54.525,54.5,54.52,9711
2019-09-25 13:31:00,54.53,54.53,54.505,54.52,6306
2019-09-25 13:32:00,54.53,54.54,54.53,54.53,7691
2019-09-25 13:33:00,54.53,54.54,54.51,54.53,11313
2019-09-25 13:34:00,54.53,54.539,54.5,54.5,8550
2019-09-25 13:35:00,54.5,54.53,54.5,54.51,13657
2019-09-25 13:36:00,54.51,54.525,54.51,54.515,3337
2019-09-25 13:37:00,54.515,54.54,54.515,54.54,7340
2019-09-25 13:38:00,54.54,54.56,54.535,54.56,5614
2019-09-25 13:39:00,54.55,54.56,54.535,54.56,6534
2019-09-25 13:40:00,54.55,54.56,54.55,54.56,4731
2019-09-25 13:41:00,54.565,54.565,54.531,54.54,10210
2019-09-25 13:42:00,54.55,54.57,54.55,54.56,3302
2019-09-25 13:43:00,54.565,54.5871,54.56,54.58,5723
2019-09-25 13:44:00,54.575,54.65,54.57,54.645,16924
2019-09-25 13:45:00,54.65,54.675,54.64,54.675,9047
2019-09-25 13:46:00,54.67,54.699,54.665,54.68,14073
2019-09-25 13:47:00,54.69,54.7,54.67,54.68,7759
2019-09-25 13:48:00,54.67,54.675,54.645,54.66,12395
2019-09-25 13:49:00,54.66,54.67,54.65,54.655,5660
2019-09-25 13:50:00,54.66,54.71,54.65,54.71,9087
2019-09-25 13:51:00,54.71,54.74,54.7,54.725,12275
2019-09-25 13:52:00,54.725,54.74,54.715,54.72,10096
2019-09-25 13:53:00,54.72,54.74,54.71,54.73,16558
2019-09-25 13:54:00,54.735,54.77,54.735,54.76,6228
2019-09-25 13:55:00,54.7663,54.79,54.73,54.75,17441
2019-09-25 13:56:00,54.76,54.77,54.75,54.75,11003
2019-09-25 13:57:00,54.75,54.755,54.7,54.74,23660
2019-09-25 13:58:00,54.755,54.755,54.755,54.755,13865
2019-09-25 13:59:00,54.7535,54.765,54.75,54.755,6254
2019-09-25 14:00:00,54.75,54.76,54.75,54.76,5857
2019-09-25 14:01:00,54.75,54.76,54.75,54.755,6635
2019-09-25 14:02:00,54.75,54.87,54.75,54.85,18476
2019-09-25 14:03:00,54.845,54.8468,54.75,54.76,22293
2019-09-25 14:04:00,54.76,54.76,54.735,54.7456,6438
2019-09-25 14:05:00,54.75,54.78,54.75,54.77,10647
2019-09-25 14:06:00,54.77,54.8,54.77,54.775,18743
2019-09-25 14:07:00,54.77,54.79,54.76,54.79,16071
2019-09-25 14:08:00,54.79,54.87,54.79,54.865,10529
2019-09-25 14:09:00,54.865,54.88,54.835,54.845,18609
2019-09-25 14:10:00,54.8336,54.855,54.81,54.84,23281
2019-09-25 14:11:00,54.84,54.86,54.83,54.835,10071
2019-09-25 14:12:00,54.835,54.865,54.835,54.85,10828
2019-09-25 14:13:00,54.855,54.88,54.84,54.88,7914
2019-09-25 14:14:00,54.88,54.89,54.86,54.88,14835
2019-09-25 14:15:00,54.89,54.89,54.825,54.83,7136
2019-09-25 14:16:00,54.82,54.835,54.79,54.8,14176
2019-09-25 14:17:00,54.79,54.79,54.75,54.765,13267
2019-09-25 14:18:00,54.76,54.79,54.755,54.785,7515
2019-09-25 14:19:00,54.78,54.8,54.77,54.8,7509
2019-09-25 14:20:00,54.79,54.8,54.775,54.8,8904
2019-09-25 14:21:00,54.7969,54.7969,54.78,54.78,5196
2019-09-25 14:22:00,54.79,54.81,54.79,54.805,13150
2019-09-25 14:23:00,54.81,54.86,54.81,54.855,15089
2019-09-25 14:24:00,54.855,54.86,54.77,54.78,15018
2019-09-25 14:25:00,54.78,54.785,54.77,54.77,8737
2019-09-25 14:26:00,54.78,54.79,54.76,54.78,16162
2019-09-25 14:27:00,54.79,54.8,54.78,54.79,9493
2019-09-25 14:28:00,54.79,54.79,54.75,54.75,17586
2019-09-25 14:29:00,54.755,54.76,54.74,54.75,16582
2019-09-25 14:30:00,54.74,54.76,54.74,54.75,12909
2019-09-25 14:31:00,54.75,54.75,54.68,54.685,11830
2019-09-25 14:32:00,54.69,54.69,54.635,54.655,22495
2019-09-25 14:33:00,54.6567,54.69,54.6567,54.68,14423
2019-09-25 14:34:00,54.68,54.6863,54.655,54.66,12923
2019-09-25 14:35:00,54.66,54.6662,54.65,54.66,4000
2019-09-25 14:36:00,54.66,54.6677,54.652,54.66,4903
2019-09-25 14:37:00,54.6509,54.6651,54.65,54.65,8455
2019-09-25 14:38:00,54.66,54.66,54.64,54.65,12063
2019-09-25 14:39:00,54.65,54.66,54.635,54.64,10754
2019-09-25 14:40:00,54.65,54.655,54.6,54.605,12554
2019-09-25 14:41:00,54.61,54.7,54.61,54.69,19164
2019-09-25 14:42:00,54.69,54.7,54.67,54.69,8238
2019-09-25 14:43:00,54.69,54.7,54.67,54.68,6410
2019-09-25 14:44:00,54.68,54.7,54.67,54.675,8758
2019-09-25 14:45:00,54.67,54.745,54.67,54.745,20199
2019-09-25 14:46:00,54.7457,54.76,54.74,54.75,13732
2019-09-25 14:47:00,54.745,54.78,54.74,54.76,8252
2019-09-25 14:48:00,54.75,54.76,54.73,54.75,6254
2019-09-25 14:49:00,54.75,54.8,54.75,54.785,9477
2019-09-25 14:50:00,54.7852,54.815,54.78,54.8,8274
2019-09-25 14:51:00,54.805,54.805,54.75,54.75,8737
2019-09-25 14:52:00,54.75,54.77,54.75,54.77,12189
2019-09-25 14:53:00,54.77,54.77,54.7532,54.755,10071
2019-09-25 14:54:00,54.76,54.78,54.76,54.77,8349
2019-09-25 14:55:00,54.775,54.785,54.77,54.77,5824
2019-09-25 14:56:00,54.765,54.77,54.75,54.76,11077
2019-09-25 14:57:00,54.77,54.8,54.77,54.8,6091
2019-09-25 14:58:00,54.8,54.8,54.76,54.78,18075
2019-09-25 14:59:00,54.78,54.81,54.78,54.81,7126
2019-09-25 15:00:00,54.8,54.82,54.8,54.82,8828
2019-09-25 15:01:00,54.82,54.835,54.81,54.83,13310
2019-09-25 15:02:00,54.82,54.83,54.805,54.8275,9686
2019-09-25 15:03:00,54.83,54.855,54.82,54.855,18776
2019-09-25 15:04:00,54.86,54.86,54.84,54.8464,9302
2019-09-25 15:05:00,54.85,54.88,54.84,54.88,12607
2019-09-25 15:06:00,54.88,54.93,54.88,54.93,12849
2019-09-25 15:07:00,54.93,54.95,54.925,54.945,14696
2019-09-25 15:08:00,54.95,54.95,54.92,54.93,11281
2019-09-25 15:09:00,54.92,54.93,54.9166,54.93,6621
2019-09-25 15:10:00,54.93,54.96,54.93,54.955,13583
2019-09-25 15:11:00,54.96,54.995,54.96,54.965,21881
2019-09-25 15:12:00,54.97,54.97,54.95,54.97,13374
2019-09-25 15:13:00,54.965,54.98,54.965,54.98,7542
2019-09-25 15:14:00,54.985,54.99,54.98,54.98,8354
2019-09-25 15:15:00,54.975,54.975,54.95,54.955,12890
2019-09-25 15:16:00,54.95,54.965,54.9444,54.945,13647
2019-09-25 15:17:00,54.95,54.96,54.95,54.9568,5814
2019-09-25 15:18:00,54.95,54.96,54.94,54.955,13125
2019-09-25 15:19:00,54.9598,54.96,54.94,54.96,10982
2019-09-25 15:20:00,54.955,54.97,54.95,54.97,8243
2019-09-25 15:21:00,54.965,54.9672,54.94,54.96,9792
2019-09-25 15:22:00,54.95,54.95,54.91,54.9104,10583
2019-09-25 15:23:00,54.92,55.0,54.92,54.995,32147
2019-09-25 15:24:00,54.99,55.04,54.99,55.02,23529
2019-09-25 15:25:00,55.015,55.015,55.0,55.005,17151
2019-09-25 15:26:00,55.0,55.0,54.98,55.0,19279
2019-09-25 15:27:00,54.99,54.995,54.945,54.965,16024
2019-09-25 15:28:00,54.965,55.0,54.965,54.99,18355
2019-09-25 15:29:00,54.9946,55.02,54.9946,55.0066,21034
2019-09-25 15:30:00,55.005,55.005,54.97,54.995,15742
2019-09-25 15:31:00,55.0,55.005,54.91,54.91,41027
2019-09-25 15:32:00,54.91,54.91,54.87,54.89,15641
2019-09-25 15:33:00,54.88,54.9,54.87,54.9,8578
2019-09-25 15:34:00,54.895,54.9,54.885,54.89,7641
2019-09-25 15:35:00,54.9,54.945,54.9,54.94,33560
2019-09-25 15:36:00,54.945,54.945,54.91,54.93,13250
2019-09-25 15:37:00,54.925,54.93,54.92,54.93,9490
2019-09-25 15:38:00,54.94,54.98,54.94,54.97,22088
2019-09-25 15:39:00,54.975,55.0,54.975,54.985,24693
2019-09-25 15:40:00,54.985,55.0,54.92,54.925,40865
2019-09-25 15:41:00,54.93,54.93,54.895,54.92,25427
2019-09-25 15:42:00,54.91,54.93,54.91,54.92,8088
2019-09-25 15:43:00,54.925,54.965,54.91,54.9566,18401
2019-09-25 15:44:00,54.96,54.975,54.95,54.955,13534
2019-09-25 15:45:00,54.95,55.02,54.95,55.0,39088
2019-09-25 15:46:00,54.99,54.99,54.96,54.96,9167
2019-09-25 15:47:00,54.96,54.98,54.92,54.96,17663
2019-09-25 15:48:00,54.965,54.98,54.94,54.97,13927
2019-09-25 15:49:00,54.98,54.99,54.96,54.99,10855
2019-09-25 15:50:00,55.0,55.005,54.965,54.995,21745
2019-09-25 15:51:00,54.99,55.03,54.975,55.0,44504
2019-09-25 15:52:00,54.99,55.0,54.98,54.985,18765
2019-09-25 15:53:00,54.99,54.995,54.98,54.985,24620
2019-09-25 15:54:00,54.98,54.985,54.95,54.955,17269
2019-09-25 15:55:00,54.96,54.97,54.94,54.945,45398
2019-09-25 15:56:00,54.94,54.955,54.92,54.95,41307
2019-09-25 15:57:00,54.945,54.97,54.92,54.935,88652
2019-09-25 15:58:00,54.93,54.96,54.93,54.955,46276
2019-09-25 15:59:00,54.95,54.97,54.94,54.965,88831
2019-09-25 16:00:00,54.96,54.97,54.93,54.94,141272
2019-09-26 09:31:00,54.7211,54.8431,54.683,54.7611,114744
2019-09-26 09:32:00,54.81,54.93,54.78,54.79,10318
2019-09-26 09:33:00,54.81,54.975,54.81,54.975,12489
2019-09-26 09:34:00,54.965,54.98,54.76,54.79,18064
2019-09-26 09:35:00,54.8,54.81,54.5731,54.5731,8580
2019-09-26 09:36:00,54.58,54.7,54.58,54.66,14789
2019-09-26 09:37:00,54.64,54.67,54.585,54.63,15941
2019-09-26 09:38:00,54.62,54.73,54.62,54.68,22303
2019-09-26 09:39:00,54.7,54.705,54.66,54.67,17683
2019-09-26 09:40:00,54.7,54.75,54.6,54.602,52890
2019-09-26 09:41:00,54.602,54.6512,54.521,54.532,14836
2019-09-26 09:42:00,54.54,54.62,54.52,54.6,9423
2019-09-26 09:43:00,54.6,54.67,54.5975,54.61,16890
2019-09-26 09:44:00,54.6,54.65,54.6,54.63,5062
2019-09-26 09:45:00,54.61,54.7,54.6,54.7,3689
2019-09-26 09:46:00,54.68,54.68,54.64,54.65,3686
2019-09-26 09:47:00,54.65,54.69,54.64,54.67,11547
2019-09-26 09:48:00,54.66,54.66,54.65,54.65,8748
2019-09-26 09:49:00,54.65,54.66,54.63,54.65,17355
2019-09-26 09:50:00,54.65,54.7,54.635,54.7,10526
2019-09-26 09:51:00,54.69,54.69,54.51,54.51,12966
2019-09-26 09:52:00,54.505,54.52,54.47,54.52,10068
2019-09-26 09:53:00,54.52,54.595,54.52,54.575,8828
2019-09-26 09:54:00,54.57,54.57,54.53,54.555,9198
2019-09-26 09:55:00,54.555,54.555,54.5,54.51,7425
2019-09-26 09:56:00,54.5,54.5,54.395,54.4044,16220
2019-09-26 09:57:00,54.41,54.51,54.39,54.51,18905
2019-09-26 09:58:00,54.5,54.54,54.49,54.52,46403
2019-09-26 09:59:00,54.515,54.5373,54.51,54.51,6366
2019-09-26 10:00:00,54.51,54.55,54.5,54.55,10442
2019-09-26 10:01:00,54.55,54.61,54.525,54.61,16138
2019-09-26 10:02:00,54.6,54.7,54.6,54.66,19365
2019-09-26 10:03:00,54.66,54.66,54.594,54.594,6151
2019-09-26 10:04:00,54.59,54.735,54.59,54.735,11377
2019-09-26 10:05:00,54.72,54.72,54.66,54.705,8491
2019-09-26 10:06:00,54.71,54.71,54.675,54.68,11843
2019-09-26 10:07:00,54.7,54.71,54.69,54.7,5851
2019-09-26 10:08:00,54.7,54.7,54.66,54.67,9458
2019-09-26 10:09:00,54.66,54.7004,54.65,54.7004,7491
2019-09-26 10:10:00,54.71,54.71,54.65,54.67,8041
2019-09-26 10:11:00,54.68,54.716,54.68,54.69,3547
2019-09-26 10:12:00,54.69,54.7,54.66,54.68,11187
2019-09-26 10:13:00,54.67,54.72,54.67,54.71,6007
2019-09-26 10:14:00,54.72,54.72,54.7,54.71,5953
2019-09-26 10:15:00,54.72,54.77,54.72,54.73,8831
2019-09-26 10:16:00,54.73,54.73,54.615,54.64,16964
2019-09-26 10:17:00,54.63,54.635,54.58,54.59,9019
2019-09-26 10:18:00,54.59,54.59,54.565,54.57,4139
2019-09-26 10:19:00,54.57,54.585,54.545,54.56,7120
2019-09-26 10:20:00,54.55,54.59,54.55,54.55,10930
2019-09-26 10:21:00,54.55,54.57,54.53,54.53,4270
2019-09-26 10:22:00,54.53,54.5936,54.53,54.58,8824
2019-09-26 10:23:00,54.59,54.61,54.585,54.585,7039
2019-09-26 10:24:00,54.58,54.58,54.57,54.57,3715
2019-09-26 10:25:00,54.56,54.58,54.54,54.54,6839
2019-09-26 10:26:00,54.54,54.54,54.51,54.53,4726
2019-09-26 10:27:00,54.5299,54.56,54.5299,54.56,8667
2019-09-26 10:28:00,54.57,54.57,54.52,54.53,7406
2019-09-26 10:29:00,54.54,54.61,54.54,54.61,10984
2019-09-26 10:30:00,54.61,54.63,54.6,54.63,6303
2019-09-26 10:31:00,54.64,54.7,54.62,54.7,11960
2019-09-26 10:32:00,54.695,54.75,54.695,54.75,3992
2019-09-26 10:33:00,54.75,54.77,54.7201,54.75,13597
2019-09-26 10:34:00,54.7595,54.77,54.73,54.74,9595
2019-09-26 10:35:00,54.74,54.77,54.73,54.745,11827
2019-09-26 10:36:00,54.76,54.8,54.76,54.8,7377
2019-09-26 10:37:00,54.795,54.82,54.76,54.76,7931
2019-09-26 10:38:00,54.78,54.8,54.76,54.79,9817
2019-09-26 10:39:00,54.79,54.79,54.78,54.79,2689
2019-09-26 10:40:00,54.79,54.815,54.78,54.81,3635
2019-09-26 10:41:00,54.81,54.815,54.8,54.8,3133
2019-09-26 10:42:00,54.78,54.785,54.75,54.75,7051
2019-09-26 10:43:00,54.74,54.76,54.725,54.76,3586
2019-09-26 10:44:00,54.76,54.76,54.74,54.74,1332
2019-09-26 10:45:00,54.74,54.815,54.74,54.81,10799
2019-09-26 10:46:00,54.81,54.81,54.78,54.805,8810
2019-09-26 10:47:00,54.805,54.91,54.805,54.91,16412
2019-09-26 10:48:00,54.9,54.9,54.86,54.88,18564
2019-09-26 10:49:00,54.89,54.91,54.88,54.89,8978
2019-09-26 10:50:00,54.8999,54.935,54.89,54.91,4350
2019-09-26 10:51:00,54.9,54.9,54.86,54.875,4912
2019-09-26 10:52:00,54.88,54.89,54.865,54.89,3315
2019-09-26 10:53:00,54.88,54.95,54.88,54.95,14865
2019-09-26 10:54:00,54.96,55.07,54.95,55.05,28730
2019-09-26 10:55:00,55.04,55.045,54.99,55.02,19856
2019-09-26 10:56:00,55.02,55.06,55.01,55.04,18187
2019-09-26 10:57:00,55.03,55.06,54.87,54.87,47318
2019-09-26 10:58:00,54.88,54.96,54.86,54.88,36945
2019-09-26 10:59:00,54.87,54.92,54.8501,54.92,12763
2019-09-26 11:00:00,54.93,54.98,54.92,54.93,23334
2019-09-26 11:01:00,54.92,54.92,54.82,54.83,21801
2019-09-26 11:02:00,54.815,54.84,54.74,54.74,54757
2019-09-26 11:03:00,54.74,54.78,54.7,54.745,38836
2019-09-26 11:04:00,54.75,54.83,54.735,54.83,28394
2019-09-26 11:05:00,54.835,54.85,54.81,54.835,19620
2019-09-26 11:06:00,54.835,54.85,54.81,54.84,9457
2019-09-26 11:07:00,54.85,54.93,54.85,54.915,21998
2019-09-26 11:08:00,54.92,54.93,54.895,54.91,14189
2019-09-26 11:10:00,54.88,54.9,54.88,54.9,29226
2019-09-26 11:11:00,54.905,54.965,54.905,54.94,19480
2019-09-26 11:12:00,54.95,55.0,54.95,54.995,18997
2019-09-26 11:13:00,54.99,55.01,54.83,54.83,15811
2019-09-26 11:14:00,54.82,54.82,54.79,54.805,7783
2019-09-26 11:15:00,54.805,54.805,54.74,54.74,9872
2019-09-26 11:16:00,54.75,54.79,54.75,54.785,5476
2019-09-26 11:17:00,54.78,54.78,54.705,54.725,10464
2019-09-26 11:18:00,54.73,54.73,54.71,54.72,9592
2019-09-26 11:19:00,54.72,54.76,54.71,54.725,12530
2019-09-26 11:20:00,54.72,54.72,54.63,54.675,14737
2019-09-26 11:21:00,54.66,54.67,54.63,54.63,7151
2019-09-26 11:22:00,54.64,54.66,54.635,54.64,7261
2019-09-26 11:23:00,54.63,54.63,54.585,54.605,7271
2019-09-26 11:24:00,54.605,54.645,54.595,54.645,6794
2019-09-26 11:25:00,54.645,54.645,54.59,54.595,11668
2019-09-26 11:26:00,54.6,54.6058,54.55,54.57,11344
2019-09-26 11:27:00,54.58,54.615,54.5701,54.61,9722
2019-09-26 11:28:00,54.61,54.63,54.6,54.63,10616
2019-09-26 11:29:00,54.63,54.665,54.62,54.665,10408
2019-09-26 11:30:00,54.66,54.67,54.64,54.665,15336
2019-09-26 11:31:00,54.67,54.71,54.615,54.62,12155
2019-09-26 11:32:00,54.61,54.645,54.6099,54.6099,11571
2019-09-26 11:33:00,54.604,54.604,54.56,54.6,6401
2019-09-26 11:34:00,54.595,54.625,54.59,54.59,4685
2019-09-26 11:35:00,54.58,54.64,54.58,54.635,4516
2019-09-26 11:36:00,54.635,54.71,54.62,54.7,6855
2019-09-26 11:37:00,54.705,54.71,54.69,54.695,5895
2019-09-26 11:38:00,54.69,54.71,54.69,54.71,2921
2019-09-26 11:39:00,54.715,54.78,54.715,54.78,72921
2019-09-26 11:40:00,54.78,54.785,54.71,54.714,8309
2019-09-26 11:41:00,54.7,54.7,54.65,54.67,9263
2019-09-26 11:42:00,54.6701,54.6701,54.585,54.585,4113
2019-09-26 11:43:00,54.6,54.6,54.56,54.57,4046
2019-09-26 11:44:00,54.56,54.56,54.52,54.5311,6100
2019-09-26 11:45:00,54.54,54.54,54.52,54.52,4721
2019-09-26 11:46:00,54.515,54.515,54.48,54.5,10768
2019-09-26 11:47:00,54.505,54.53,54.49,54.53,7935
2019-09-26 11:48:00,54.52,54.52,54.465,54.49,7352
2019-09-26 11:49:00,54.49,54.5003,54.47,54.48,1972
2019-09-26 11:50:00,54.475,54.51,54.47,54.5,3987
2019-09-26 11:51:00,54.51,54.51,54.48,54.495,3918
2019-09-26 11:52:00,54.49,54.495,54.45,54.46,11231
2019-09-26 11:53:00,54.46,54.48,54.45,54.48,5799
2019-09-26 11:54:00,54.47,54.48,54.45,54.46,5426
2019-09-26 11:55:00,54.46,54.48,54.45,54.45,6654
2019-09-26 11:56:00,54.47,54.495,54.47,54.495,2518
2019-09-26 11:57:00,54.495,54.51,54.465,54.51,12122
2019-09-26 11:58:00,54.52,54.55,54.52,54.53,7946
2019-09-26 11:59:00,54.54,54.55,54.52,54.53,3962
2019-09-26 12:00:00,54.53,54.55,54.53,54.54,5404
2019-09-26 12:01:00,54.55,54.55,54.49,54.51,12777
2019-09-26 12:02:00,54.52,54.5567,54.52,54.55,4769
2019-09-26 12:03:00,54.56,54.63,54.56,54.625,8912
2019-09-26 12:04:00,54.6401,54.67,54.64,54.65,3152
2019-09-26 12:05:00,54.65,54.65,54.64,54.64,4958
2019-09-26 12:06:00,54.63,54.64,54.63,54.63,2697
2019-09-26 12:07:00,54.63,54.67,54.625,54.66,5321
2019-09-26 12:08:00,54.66,54.72,54.66,54.685,42621
2019-09-26 12:09:00,54.69,54.7,54.68,54.7,7918
2019-09-26 12:10:00,54.7081,54.7081,54.67,54.67,6344
2019-09-26 12:11:00,54.68,54.685,54.67,54.6799,3561
2019-09-26 12:12:00,54.67,54.68,54.66,54.67,7337
2019-09-26 12:13:00,54.68,54.7,54.68,54.69,5110
2019-09-26 12:14:00,54.7,54.72,54.69,54.695,42499
2019-09-26 12:15:00,54.68,54.68,54.59,54.59,51136
2019-09-26 12:16:00,54.59,54.661,54.59,54.63,10420
2019-09-26 12:17:00,54.62,54.63,54.55,54.565,6734
2019-09-26 12:18:00,54.56,54.5899,54.55,54.56,4824
2019-09-26 12:19:00,54.5542,54.59,54.5542,54.58,8238
2019-09-26 12:20:00,54.59,54.62,54.58,54.58,4227
2019-09-26 12:21:00,54.58,54.615,54.58,54.6,5207
2019-09-26 12:22:00,54.59,54.605,54.58,54.605,6738
2019-09-26 12:23:00,54.6,54.605,54.59,54.59,1748
2019-09-26 12:24:00,54.595,54.615,54.58,54.58,7217
2019-09-26 12:25:00,54.59,54.6004,54.585,54.6,2179
2019-09-26 12:26:00,54.59,54.61,54.59,54.59,10886
2019-09-26 12:27:00,54.595,54.67,54.58,54.635,41268
2019-09-26 12:28:00,54.63,54.69,54.62,54.67,8402
2019-09-26 12:29:00,54.675,54.68,54.65,54.675,3043
2019-09-26 12:30:00,54.67,54.68,54.66,54.66,4203
2019-09-26 12:31:00,54.66,54.66,54.64,54.65,3974
2019-09-26 12:32:00,54.655,54.68,54.655,54.66,4748
2019-09-26 12:33:00,54.665,54.6676,54.64,54.64,3609
2019-09-26 12:34:00,54.645,54.645,54.62,54.625,6232
2019-09-26 12:35:00,54.62,54.65,54.62,54.64,32042
2019-09-26 12:36:00,54.635,54.645,54.62,54.63,5794
2019-09-26 12:37:00,54.62,54.655,54.62,54.64,4061
2019-09-26 12:38:00,54.64,54.67,54.64,54.67,2085
2019-09-26 12:39:00,54.675,54.685,54.655,54.685,5126
2019-09-26 12:40:00,54.68,54.72,54.68,54.71,3915
2019-09-26 12:41:00,54.715,54.715,54.68,54.68,12986
2019-09-26 12:42:00,54.675,54.735,54.67,54.72,10167
2019-09-26 12:43:00,54.72,54.725,54.67,54.675,25726
2019-09-26 12:44:00,54.675,54.68,54.66,54.66,5399
2019-09-26 12:45:00,54.66,54.68,54.655,54.655,6127
2019-09-26 12:46:00,54.655,54.66,54.63,54.66,7075
2019-09-26 12:47:00,54.665,54.665,54.64,54.64,1479
2019-09-26 12:48:00,54.6477,54.6477,54.61,54.61,7569
2019-09-26 12:49:00,54.61,54.62,54.6,54.61,2344
2019-09-26 12:50:00,54.62,54.625,54.6,54.6,6686
2019-09-26 12:51:00,54.595,54.6,54.58,54.59,14321
2019-09-26 12:52:00,54.595,54.61,54.58,54.6,10466
2019-09-26 12:53:00,54.595,54.61,54.58,54.6,17005
2019-09-26 12:54:00,54.6,54.6,54.59,54.59,14774
2019-09-26 12:55:00,54.6,54.603,54.59,54.59,11017
2019-09-26 12:56:00,54.59,54.6,54.56,54.575,20373
2019-09-26 12:57:00,54.57,54.59,54.57,54.57,14730
2019-09-26 12:58:00,54.57,54.585,54.57,54.58,15692
2019-09-26 12:59:00,54.59,54.63,54.58,54.59,30964
2019-09-26 13:00:00,54.59,54.6,54.58,54.58,10239
2019-09-26 13:01:00,54.59,54.6,54.58,54.6,12494
2019-09-26 13:02:00,54.58,54.6,54.58,54.595,9283
2019-09-26 13:03:00,54.59,54.595,54.58,54.595,8296
2019-09-26 13:04:00,54.59,54.6,54.585,54.59,8527
2019-09-26 13:05:00,54.6,54.61,54.585,54.595,13979
2019-09-26 13:06:00,54.59,54.61,54.58,54.59,11570
2019-09-26 13:07:00,54.59,54.605,54.58,54.605,8495
2019-09-26 13:08:00,54.6,54.62,54.595,54.61,14637
2019-09-26 13:09:00,54.615,54.62,54.6,54.61,6350
2019-09-26 13:10:00,54.615,54.625,54.61,54.625,5289
2019-09-26 13:11:00,54.62,54.62,54.58,54.58,7188
2019-09-26 13:12:00,54.56,54.59,54.545,54.58,16169
2019-09-26 13:13:00,54.59,54.595,54.58,54.58,9698
2019-09-26 13:14:00,54.585,54.59,54.58,54.59,4510
2019-09-26 13:15:00,54.58,54.58,54.565,54.57,5824
2019-09-26 13:16:00,54.56,54.56,54.48,54.505,16043
2019-09-26 13:17:00,54.5,54.53,54.49,54.52,6042
2019-09-26 13:18:00,54.52,54.525,54.51,54.525,3316
2019-09-26 13:19:00,54.525,54.525,54.5,54.5,10580
2019-09-26 13:20:00,54.5,54.5,54.475,54.475,3459
2019-09-26 13:21:00,54.47,54.475,54.42,54.42,23894
2019-09-26 13:22:00,54.42,54.42,54.36,54.365,8744
2019-09-26 13:23:00,54.365,54.385,54.35,54.355,11137
2019-09-26 13:24:00,54.355,54.3566,54.33,54.35,9134
2019-09-26 13:25:00,54.35,54.355,54.33,54.335,9780
2019-09-26 13:26:00,54.33,54.36,54.32,54.36,12765
2019-09-26 13:27:00,54.355,54.405,54.355,54.405,3565
2019-09-26 13:28:00,54.405,54.41,54.39,54.4,8269
2019-09-26 13:29:00,54.405,54.42,54.4,54.42,7584
2019-09-26 13:30:00,54.413,54.42,54.41,54.4189,4753
2019-09-26 13:31:00,54.42,54.47,54.41,54.45,10283
2019-09-26 13:32:00,54.45,54.46,54.44,54.45,5332
2019-09-26 13:33:00,54.45,54.485,54.44,54.485,6160
2019-09-26 13:34:00,54.4816,54.485,54.455,54.455,6167
2019-09-26 13:35:00,54.45,54.455,54.43,54.44,6378
2019-09-26 13:36:00,54.44,54.4565,54.44,54.445,3262
2019-09-26 13:37:00,54.45,54.455,54.435,54.455,5992
2019-09-26 13:38:00,54.46,54.47,54.45,54.45,11075
2019-09-26 13:39:00,54.4639,54.49,54.445,54.475,9261
2019-09-26 13:40:00,54.47,54.525,54.47,54.51,16270
2019-09-26 13:41:00,54.51,54.51,54.45,54.46,11738
2019-09-26 13:42:00,54.46,54.49,54.445,54.485,4985
2019-09-26 13:43:00,54.48,54.53,54.48,54.53,4614
2019-09-26 13:44:00,54.53,54.53,54.49,54.53,6642
2019-09-26 13:45:00,54.52,54.54,54.51,54.53,20736
2019-09-26 13:46:00,54.54,54.56,54.52,54.545,9992
2019-09-26 13:47:00,54.55,54.55,54.54,54.5499,1256
2019-09-26 13:48:00,54.54,54.545,54.51,54.52,4930
2019-09-26 13:49:00,54.51,54.525,54.5,54.5,6547
2019-09-26 13:50:00,54.5,54.505,54.47,54.47,56569
2019-09-26 13:51:00,54.47,54.47,54.4,54.4,15733
2019-09-26 13:52:00,54.4,54.4,54.34,54.34,8357
2019-09-26 13:53:00,54.33,54.33,54.29,54.29,16859
2019-09-26 13:54:00,54.3,54.38,54.295,54.36,10610
2019-09-26 13:55:00,54.365,54.42,54.35,54.4,7779
2019-09-26 13:56:00,54.4,54.425,54.4,54.41,6705
2019-09-26 13:57:00,54.42,54.42,54.39,54.4,10893
2019-09-26 13:58:00,54.41,54.41,54.38,54.4,7060
2019-09-26 13:59:00,54.4,54.405,54.37,54.39,5781
2019-09-26 14:00:00,54.39,54.44,54.39,54.43,7797
2019-09-26 14:01:00,54.435,54.48,54.43,54.46,24624
2019-09-26 14:02:00,54.455,54.48,54.455,54.47,8305
2019-09-26 14:03:00,54.475,54.475,54.455,54.465,2377
2019-09-26 14:04:00,54.465,54.48,54.41,54.42,15830
2019-09-26 14:05:00,54.425,54.46,54.41,54.44,8135
2019-09-26 14:06:00,54.44,54.47,54.44,54.46,5191
2019-09-26 14:07:00,54.46,54.46,54.43,54.44,5017
2019-09-26 14:08:00,54.44,54.46,54.44,54.44,5141
2019-09-26 14:09:00,54.45,54.46,54.44,54.46,5950
2019-09-26 14:10:00,54.47,54.555,54.47,54.54,11830
2019-09-26 14:11:00,54.545,54.555,54.51,54.52,4516
2019-09-26 14:12:00,54.52,54.52,54.495,54.495,3828
2019-09-26 14:13:00,54.5,54.52,54.47,54.48,5467
2019-09-26 14:14:00,54.48,54.485,54.44,54.455,4081
2019-09-26 14:15:00,54.46,54.47,54.44,54.47,6468
2019-09-26 14:16:00,54.47,54.475,54.44,54.445,6781
2019-09-26 14:17:00,54.44,54.52,54.44,54.52,10375
2019-09-26 14:18:00,54.51,54.515,54.48,54.485,8935
2019-09-26 14:19:00,54.47,54.47,54.44,54.465,4235
2019-09-26 14:20:00,54.46,54.47,54.45,54.46,3470
2019-09-26 14:21:00,54.45,54.46,54.43,54.43,9416
2019-09-26 14:22:00,54.43,54.455,54.42,54.445,7731
2019-09-26 14:23:00,54.445,54.455,54.44,54.445,2078
2019-09-26 14:24:00,54.45,54.48,54.38,54.39,12252
2019-09-26 14:25:00,54.39,54.41,54.39,54.395,4261
2019-09-26 14:26:00,54.39,54.395,54.36,54.36,7032
2019-09-26 14:27:00,54.365,54.37,54.345,54.35,4801
2019-09-26 14:28:00,54.345,54.365,54.345,54.36,9070
2019-09-26 14:29:00,54.36,54.37,54.33,54.33,10044
2019-09-26 14:30:00,54.33,54.34,54.32,54.325,15099
2019-09-26 14:31:00,54.32,54.325,54.29,54.3,31393
2019-09-26 14:32:00,54.29,54.31,54.29,54.305,28957
2019-09-26 14:33:00,54.295,54.33,54.28,54.29,145178
2019-09-26 14:34:00,54.29,54.3,54.27,54.27,22447
2019-09-26 14:35:00,54.26,54.26,54.22,54.22,17505
2019-09-26 14:36:00,54.228,54.228,54.19,54.2,16318
2019-09-26 14:37:00,54.205,54.2091,54.17,54.2,24996
2019-09-26 14:38:00,54.2,54.245,54.2,54.245,7025
2019-09-26 14:39:00,54.245,54.29,54.23,54.27,11297
2019-09-26 14:40:00,54.26,54.26,54.23,54.23,18295
2019-09-26 14:41:00,54.235,54.33,54.235,54.29,31198
2019-09-26 14:42:00,54.285,54.305,54.28,54.3,10758
2019-09-26 14:43:00,54.31,54.32,54.295,54.3,10863
2019-09-26 14:44:00,54.295,54.32,54.29,54.305,9180
2019-09-26 14:45:00,54.3,54.325,54.29,54.32,5516
2019-09-26 14:46:00,54.33,54.33,54.285,54.29,17160
2019-09-26 14:47:00,54.3,54.31,54.28,54.285,103289
2019-09-26 14:48:00,54.285,54.285,54.26,54.26,9849
2019-09-26 14:49:00,54.265,54.27,54.235,54.25,23978
2019-09-26 14:50:00,54.25,54.295,54.24,54.29,9301
2019-09-26 14:51:00,54.29,54.295,54.26,54.26,27486
2019-09-26 14:52:00,54.25,54.285,54.23,54.285,14313
2019-09-26 14:53:00,54.285,54.29,54.27,54.27,8638
2019-09-26 14:54:00,54.265,54.265,54.235,54.235,17832
2019-09-26 14:55:00,54.235,54.26,54.23,54.26,11324
2019-09-26 14:56:00,54.26,54.27,54.24,54.27,66091
2019-09-26 14:57:00,54.265,54.27,54.21,54.21,16003
2019-09-26 14:58:00,54.2,54.21,54.17,54.21,24714
2019-09-26 14:59:00,54.21,54.24,54.195,54.2,35504
2019-09-26 15:00:00,54.2,54.26,54.19,54.26,10513
2019-09-26 15:01:00,54.26,54.35,54.26,54.34,14411
2019-09-26 15:02:00,54.335,54.37,54.33,54.36,219036
2019-09-26 15:03:00,54.37,54.375,54.35,54.36,39805
2019-09-26 15:04:00,54.355,54.37,54.33,54.3301,18327
2019-09-26 15:05:00,54.335,54.345,54.325,54.325,9022
2019-09-26 15:06:00,54.33,54.335,54.27,54.285,15329
2019-09-26 15:07:00,54.29,54.3,54.275,54.29,7998
2019-09-26 15:08:00,54.29,54.34,54.29,54.305,8299
2019-09-26 15:09:00,54.3,54.34,54.3,54.335,8019
2019-09-26 15:10:00,54.335,54.375,54.335,54.365,21925
2019-09-26 15:11:00,54.365,54.39,54.355,54.385,54896
2019-09-26 15:12:00,54.4,54.4,54.35,54.37,16402
2019-09-26 15:13:00,54.365,54.37,54.32,54.32,18849
2019-09-26 15:14:00,54.32,54.38,54.32,54.35,16992
2019-09-26 15:15:00,54.36,54.36,54.3,54.32,8342
2019-09-26 15:16:00,54.3263,54.33,54.25,54.25,8925
2019-09-26 15:17:00,54.255,54.29,54.25,54.29,8426
2019-09-26 15:18:00,54.28,54.29,54.28,54.29,1728
2019-09-26 15:19:00,54.29,54.29,54.2,54.22,9560
2019-09-26 15:20:00,54.22,54.2369,54.1916,54.23,19970
2019-09-26 15:21:00,54.23,54.25,54.23,54.245,9704
2019-09-26 15:22:00,54.245,54.26,54.24,54.255,7218
2019-09-26 15:23:00,54.26,54.285,54.26,54.28,6748
2019-09-26 15:24:00,54.2723,54.275,54.24,54.245,6650
2019-09-26 15:25:00,54.245,54.27,54.24,54.265,8624
2019-09-26 15:26:00,54.265,54.39,54.265,54.345,82915
2019-09-26 15:27:00,54.352,54.4005,54.3004,54.307,18071
2019-09-26 15:28:00,54.3,54.345,54.295,54.345,10743
2019-09-26 15:29:00,54.3482,54.355,54.31,54.315,12306
2019-09-26 15:30:00,54.315,54.34,54.31,54.335,9922
2019-09-26 15:31:00,54.34,54.37,54.33,54.37,16615
2019-09-26 15:32:00,54.37,54.375,54.36,54.375,9870
2019-09-26 15:33:00,54.375,54.43,54.375,54.42,12647
2019-09-26 15:34:00,54.425,54.45,54.395,54.45,116344
2019-09-26 15:35:00,54.44,54.475,54.435,54.445,44780
2019-09-26 15:36:00,54.445,54.45,54.435,54.435,65110
2019-09-26 15:37:00,54.445,54.46,54.44,54.455,17829
2019-09-26 15:38:00,54.46,54.47,54.45,54.455,22813
2019-09-26 15:39:00,54.455,54.47,54.45,54.465,25831
2019-09-26 15:40:00,54.465,54.465,54.425,54.425,46471
2019-09-26 15:41:00,54.425,54.425,54.395,54.4,26579
2019-09-26 15:42:00,54.395,54.41,54.395,54.405,10050
2019-09-26 15:43:00,54.405,54.4056,54.33,54.355,22507
2019-09-26 15:44:00,54.36,54.4,54.345,54.39,18608
2019-09-26 15:45:00,54.39,54.43,54.38,54.415,12271
2019-09-26 15:46:00,54.41,54.455,54.39,54.42,38126
2019-09-26 15:47:00,54.42,54.43,54.405,54.415,43817
2019-09-26 15:48:00,54.415,54.43,54.41,54.425,21638
2019-09-26 15:49:00,54.425,54.43,54.41,54.41,26265
2019-09-26 15:50:00,54.415,54.435,54.41,54.43,26985
2019-09-26 15:51:00,54.43,54.43,54.395,54.42,37511
2019-09-26 15:52:00,54.42,54.435,54.37,54.38,83681
2019-09-26 15:53:00,54.38,54.38,54.28,54.32,70682
2019-09-26 15:54:00,54.32,54.32,54.23,54.23,30584
2019-09-26 15:55:00,54.25,54.295,54.22,54.295,32269
2019-09-26 15:56:00,54.295,54.295,54.23,54.25,94005
2019-09-26 15:57:00,54.24,54.245,54.175,54.185,45408
2019-09-26 15:58:00,54.185,54.19,54.16,54.16,33544
2019-09-26 15:59:00,54.17,54.19,54.16,54.17,43367
2019-09-26 16:00:00,54.18,54.24,54.16,54.23,95774
2019-09-27 09:31:00,54.21,54.5,54.21,54.48,69539
2019-09-27 09:32:00,54.5,54.55,54.44,54.48,10478
2019-09-27 09:33:00,54.3909,54.5272,54.327,54.4209,13645
2019-09-27 09:34:00,54.41,54.45,54.37,54.425,9405
2019-09-27 09:35:00,54.425,54.5,54.37,54.4,19844
2019-09-27 09:36:00,54.45,54.62,54.44,54.57,19314
2019-09-27 09:37:00,54.57,54.675,54.57,54.65,14330
2019-09-27 09:38:00,54.65,54.72,54.62,54.63,18928
2019-09-27 09:39:00,54.6,54.6,54.55,54.57,5273
2019-09-27 09:40:00,54.59,54.65,54.58,54.6,8147
2019-09-27 09:41:00,54.592,54.6707,54.5706,54.622,10962
2019-09-27 09:42:00,54.61,54.61,54.55,54.56,9950
2019-09-27 09:43:00,54.56,54.56,54.4998,54.53,8309
2019-09-27 09:44:00,54.52,54.56,54.49,54.495,12876
2019-09-27 09:45:00,54.5,54.5,54.41,54.435,19662
2019-09-27 09:46:00,54.45,54.53,54.42,54.48,23365
2019-09-27 09:47:00,54.46,54.495,54.45,54.48,5624
2019-09-27 09:48:00,54.47,54.48,54.44,54.47,3145
2019-09-27 09:49:00,54.46,54.46,54.43,54.45,5819
2019-09-27 09:50:00,54.46,54.495,54.46,54.485,8067
2019-09-27 09:51:00,54.49,54.49,54.48,54.48,7565
2019-09-27 09:52:00,54.485,54.51,54.47,54.5,18980
2019-09-27 09:53:00,54.5,54.51,54.47,54.49,34865
2019-09-27 09:54:00,54.49,54.51,54.44,54.44,88439
2019-09-27 09:55:00,54.435,54.435,54.26,54.28,26434
2019-09-27 09:56:00,54.28,54.37,54.25,54.32,39582
2019-09-27 09:57:00,54.3,54.3,54.25,54.28,6095
2019-09-27 09:58:00,54.29,54.35,54.29,54.315,6581
2019-09-27 09:59:00,54.32,54.4,54.3,54.39,7382
2019-09-27 10:00:00,54.41,54.47,54.37,54.44,9620
2019-09-27 10:01:00,54.47,54.47,54.39,54.4,16679
2019-09-27 10:02:00,54.41,54.41,54.31,54.325,27601
2019-09-27 10:03:00,54.31,54.39,54.29,54.37,21064
2019-09-27 10:04:00,54.37,54.4,54.34,54.39,13264
2019-09-27 10:05:00,54.3899,54.39,54.32,54.32,8609
2019-09-27 10:06:00,54.3423,54.4373,54.3322,54.3823,19549
2019-09-27 10:07:00,54.39,54.39,54.33,54.36,7870
2019-09-27 10:08:00,54.37,54.43,54.37,54.43,14339
2019-09-27 10:09:00,54.44,54.44,54.25,54.255,14552
2019-09-27 10:10:00,54.25,54.25,54.21,54.22,10157
2019-09-27 10:11:00,54.22,54.24,54.18,54.24,3512
2019-09-27 10:12:00,54.24,54.2599,54.17,54.17,11125
2019-09-27 10:13:00,54.17,54.2,54.13,54.13,9048
2019-09-27 10:14:00,54.13,54.17,54.09,54.09,4368
2019-09-27 10:15:00,54.07,54.08,54.04,54.055,7005
2019-09-27 10:16:00,54.0594,54.07,54.03,54.05,17907
2019-09-27 10:17:00,54.04,54.055,54.03,54.0368,7923
2019-09-27 10:18:00,54.04,54.05,54.01,54.011,10340
2019-09-27 10:19:00,54.03,54.035,53.99,54.005,41626
2019-09-27 10:20:00,54.005,54.05,54.005,54.02,20447
2019-09-27 10:21:00,54.01,54.07,54.01,54.03,8295
2019-09-27 10:22:00,54.03,54.04,54.01,54.04,2545
2019-09-27 10:23:00,54.03,54.04,54.01,54.01,3936
2019-09-27 10:24:00,54.02,54.02,53.92,53.92,7758
2019-09-27 10:25:00,53.92,53.98,53.905,53.98,4097
2019-09-27 10:26:00,53.96,53.96,53.91,53.92,2885
2019-09-27 10:27:00,53.92,53.935,53.9,53.92,7364
2019-09-27 10:28:00,53.92,53.925,53.88,53.9,2902
2019-09-27 10:29:00,53.9,53.99,53.9,53.9701,4094
2019-09-27 10:30:00,53.98,54.0322,53.97,53.99,3642
2019-09-27 10:31:00,54.008,54.01,53.96,53.97,3867
2019-09-27 10:32:00,53.9665,54.005,53.96,53.9997,4944
2019-09-27 10:33:00,53.97,53.97,53.89,53.89,6896
2019-09-27 10:34:00,53.885,53.9,53.84,53.87,10274
2019-09-27 10:35:00,53.8645,53.89,53.86,53.86,2558
2019-09-27 10:36:00,53.86,53.9402,53.85,53.91,8644
2019-09-27 10:37:00,53.9226,54.01,53.91,54.0009,6951
2019-09-27 10:38:00,54.0,54.01,53.96,53.98,4325
2019-09-27 10:39:00,53.96,54.03,53.95,53.9905,8405
2019-09-27 10:40:00,54.0,54.0,53.96,53.96,4749
2019-09-27 10:41:00,53.9508,53.99,53.9508,53.975,6103
2019-09-27 10:42:00,53.97,53.97,53.9,53.92,7210
2019-09-27 10:43:00,53.93,53.93,53.87,53.87,3340
2019-09-27 10:44:00,53.895,53.945,53.88,53.915,11097
2019-09-27 10:45:00,53.91,53.92,53.88,53.91,7094
2019-09-27 10:46:00,53.91,53.94,53.9,53.9,15135
2019-09-27 10:47:00,53.9,53.925,53.88,53.92,6817
2019-09-27 10:48:00,53.91,53.92,53.8865,53.8865,2764
2019-09-27 10:49:00,53.89,53.95,53.89,53.915,15227
2019-09-27 10:50:00,53.93,53.94,53.88,53.885,18505
2019-09-27 10:51:00,53.88,53.885,53.79,53.79,24895
2019-09-27 10:52:00,53.7992,53.82,53.79,53.815,10177
2019-09-27 10:53:00,53.815,53.83,53.79,53.79,15709
2019-09-27 10:54:00,53.79,53.79,53.71,53.745,28259
2019-09-27 10:55:00,53.74,53.76,53.72,53.72,8967
2019-09-27 10:56:00,53.7222,53.73,53.6802,53.71,32311
2019-09-27 10:57:00,53.73,53.77,53.72,53.77,15446
2019-09-27 10:58:00,53.775,53.81,53.765,53.805,14844
2019-09-27 10:59:00,53.82,53.89,53.815,53.85,12035
2019-09-27 11:00:00,53.84,53.86,53.8,53.82,10797
2019-09-27 11:01:00,53.82,53.83,53.81,53.8249,3369
2019-09-27 11:02:00,53.83,53.9,53.83,53.85,8428
2019-09-27 11:03:00,53.86,53.88,53.86,53.875,4081
2019-09-27 11:04:00,53.89,53.97,53.89,53.92,8945
2019-09-27 11:05:00,53.9337,53.94,53.91,53.92,9469
2019-09-27 11:06:00,53.91,53.9299,53.91,53.9299,1062
2019-09-27 11:07:00,53.894,53.95,53.894,53.9108,5152
2019-09-27 11:08:00,53.91,53.91,53.89,53.89,410
2019-09-27 11:10:00,53.89,53.89,53.87,53.87,8569
2019-09-27 11:11:00,53.88,53.89,53.85,53.86,2474
2019-09-27 11:12:00,53.85,53.87,53.81,53.81,2128
2019-09-27 11:13:00,53.82,53.82,53.79,53.81,5055
2019-09-27 11:14:00,53.8,53.8,53.77,53.77,6792
2019-09-27 11:15:00,53.775,53.82,53.75,53.82,8704
2019-09-27 11:16:00,53.83,53.86,53.78,53.78,8445
2019-09-27 11:17:00,53.79,53.8,53.78,53.8,17939
2019-09-27 11:18:00,53.8168,53.82,53.77,53.775,6021
2019-09-27 11:19:00,53.78,53.78,53.7,53.72,11641
2019-09-27 11:20:00,53.7143,53.76,53.71,53.76,6017
2019-09-27 11:21:00,53.76,53.79,53.75,53.79,4353
2019-09-27 11:22:00,53.8,53.81,53.79,53.8,4705
2019-09-27 11:23:00,53.8,53.85,53.8,53.82,5818
2019-09-27 11:24:00,53.84,53.89,53.84,53.89,11797
2019-09-27 11:25:00,53.89,53.94,53.89,53.9,3675
2019-09-27 11:26:00,53.92,53.98,53.91,53.975,5697
2019-09-27 11:27:00,53.98,53.98,53.93,53.95,8476
2019-09-27 11:28:00,53.94,53.94,53.92,53.92,1944
2019-09-27 11:29:00,53.92,53.96,53.91,53.95,5727
2019-09-27 11:30:00,53.95,53.95,53.9,53.9,4090
2019-09-27 11:31:00,53.9146,53.9146,53.86,53.89,4589
2019-09-27 11:32:00,53.88,53.88,53.82,53.84,3874
2019-09-27 11:33:00,53.84,53.88,53.84,53.87,18966
2019-09-27 11:34:00,53.86,53.86,53.84,53.84,1177
2019-09-27 11:36:00,53.7,53.71,53.67,53.675,74087
2019-09-27 11:37:00,53.67,53.67,53.47,53.5,37480
2019-09-27 11:38:00,53.47,53.52,53.44,53.46,8376
2019-09-27 11:40:00,52.9717,53.1717,52.9615,53.1217,235982
2019-09-27 11:41:00,53.0922,53.1711,53.051,53.0972,29409
2019-09-27 11:42:00,53.09,53.18,53.08,53.08,27258
2019-09-27 11:43:00,53.09,53.13,53.01,53.05,16821
2019-09-27 11:44:00,53.02,53.12,52.9998,53.1,37257
2019-09-27 11:45:00,53.08,53.14,53.0672,53.08,10315
2019-09-27 11:46:00,53.081,53.2118,53.0517,53.171,11948
2019-09-27 11:47:00,53.13,53.18,53.08,53.11,20329
2019-09-27 11:48:00,53.115,53.15,53.08,53.15,27943
2019-09-27 11:49:00,53.16,53.18,53.12,53.16,9147
2019-09-27 11:50:00,53.14,53.16,53.03,53.04,21774
2019-09-27 11:51:00,53.05,53.08,53.02,53.06,21087
2019-09-27 11:52:00,53.08,53.15,53.07,53.11,12081
2019-09-27 11:53:00,53.13,53.16,53.1001,53.14,8975
2019-09-27 11:54:00,53.13,53.18,53.13,53.1703,8401
2019-09-27 11:55:00,53.19,53.27,53.19,53.27,13904
2019-09-27 11:56:00,53.275,53.44,53.275,53.44,22838
2019-09-27 11:57:00,53.46,53.6,53.46,53.54,35200
2019-09-27 11:58:00,53.5509,53.5964,53.4462,53.4709,12672
2019-09-27 11:59:00,53.45,53.5,53.42,53.42,14627
2019-09-27 12:00:00,53.46,53.52,53.46,53.48,95515
2019-09-27 12:01:00,53.47,53.47,53.365,53.37,7800
2019-09-27 12:02:00,53.38,53.42,53.37,53.39,8395
2019-09-27 12:03:00,53.39,53.4,53.31,53.34,8741
2019-09-27 12:04:00,53.35,53.39,53.35,53.39,7153
2019-09-27 12:05:00,53.38,53.381,53.33,53.345,9122
2019-09-27 12:06:00,53.355,53.36,53.295,53.31,10018
2019-09-27 12:07:00,53.31,53.34,53.295,53.34,21552
2019-09-27 12:08:00,53.33,53.345,53.25,53.26,7361
2019-09-27 12:09:00,53.28,53.32,53.25,53.27,40800
2019-09-27 12:10:00,53.26,53.28,53.26,53.265,5092
2019-09-27 12:11:00,53.27,53.28,53.205,53.24,20047
2019-09-27 12:12:00,53.25,53.295,53.245,53.295,11205
2019-09-27 12:13:00,53.3,53.34,53.28,53.31,18738
2019-09-27 12:14:00,53.27,53.27,53.21,53.22,16091
2019-09-27 12:15:00,53.23,53.32,53.23,53.2875,6500
2019-09-27 12:16:00,53.29,53.295,53.26,53.26,4709
2019-09-27 12:17:00,53.27,53.27,53.23,53.24,3935
2019-09-27 12:18:00,53.23,53.2501,53.225,53.24,4605
2019-09-27 12:19:00,53.23,53.235,53.12,53.12,17675
2019-09-27 12:20:00,53.12,53.12,53.03,53.06,16761
2019-09-27 12:21:00,53.06,53.12,53.05,53.11,7208
2019-09-27 12:22:00,53.12,53.1352,53.08,53.09,5576
2019-09-27 12:23:00,53.087,53.12,53.087,53.12,4816
2019-09-27 12:24:00,53.115,53.17,53.1,53.155,7568
2019-09-27 12:25:00,53.15,53.15,53.08,53.09,9075
2019-09-27 12:26:00,53.09,53.1,53.04,53.07,7340
2019-09-27 12:27:00,53.06,53.06,53.03,53.04,5148
2019-09-27 12:28:00,53.04,53.0448,53.01,53.03,10253
2019-09-27 12:29:00,53.0485,53.105,53.0485,53.085,3046
2019-09-27 12:30:00,53.08,53.09,53.065,53.08,4788
2019-09-27 12:31:00,53.08,53.08,53.03,53.03,9233
2019-09-27 12:32:00,53.05,53.09,53.03,53.05,8853
2019-09-27 12:33:00,53.06,53.09,53.06,53.085,11336
2019-09-27 12:34:00,53.08,53.09,53.07,53.07,3142
2019-09-27 12:35:00,53.05,53.06,53.03,53.05,5415
2019-09-27 12:36:00,53.05,53.1,53.05,53.09,3894
2019-09-27 12:37:00,53.08,53.1,53.06,53.09,4578
2019-09-27 12:38:00,53.11,53.1399,53.1,53.1023,5723
2019-09-27 12:39:00,53.12,53.12,53.1,53.11,1453
2019-09-27 12:40:00,53.13,53.13,53.11,53.11,1737
2019-09-27 12:41:00,53.12,53.19,53.12,53.16,10258
2019-09-27 12:42:00,53.17,53.18,53.1042,53.105,6656
2019-09-27 12:43:00,53.1,53.1,53.07,53.07,7299
2019-09-27 12:44:00,53.07,53.09,53.05,53.07,6427
2019-09-27 12:45:00,53.06,53.06,52.97,52.97,21431
2019-09-27 12:46:00,52.96,52.965,52.921,52.945,8366
2019-09-27 12:47:00,52.945,52.95,52.9153,52.93,7023
2019-09-27 12:48:00,52.93,52.93,52.82,52.84,21001
2019-09-27 12:49:00,52.84,52.845,52.78,52.79,21336
2019-09-27 12:50:00,52.78,52.8,52.72,52.73,10893
2019-09-27 12:51:00,52.73,52.74,52.695,52.72,21883
2019-09-27 12:52:00,52.71,52.73,52.69,52.715,24707
2019-09-27 12:53:00,52.72,52.72,52.69,52.69,8989
2019-09-27 12:54:00,52.69,52.71,52.65,52.69,7988
2019-09-27 12:55:00,52.69,52.7,52.65,52.7,6005
2019-09-27 12:56:00,52.7,52.735,52.685,52.7,18345
2019-09-27 12:57:00,52.71,52.74,52.63,52.64,21619
2019-09-27 12:58:00,52.64,52.69,52.61,52.62,9677
2019-09-27 12:59:00,52.62,52.625,52.5884,52.59,8629
2019-09-27 13:00:00,52.6,52.61,52.58,52.58,13747
2019-09-27 13:01:00,52.58,52.61,52.54,52.55,21468
2019-09-27 13:02:00,52.58,52.61,52.55,52.605,9458
2019-09-27 13:03:00,52.6,52.65,52.585,52.59,149664
2019-09-27 13:04:00,52.5901,52.6,52.57,52.59,9696
2019-09-27 13:05:00,52.6,52.61,52.57,52.605,21182
2019-09-27 13:06:00,52.6,52.63,52.585,52.63,9689
2019-09-27 13:07:00,52.63,52.6343,52.6,52.63,6283
2019-09-27 13:08:00,52.62,52.65,52.62,52.645,8994
2019-09-27 13:09:00,52.65,52.75,52.65,52.74,7622
2019-09-27 13:10:00,52.74,52.755,52.72,52.72,9837
2019-09-27 13:11:00,52.71,52.71,52.6665,52.67,9094
2019-09-27 13:12:00,52.67,52.67,52.65,52.66,4403
2019-09-27 13:13:00,52.65,52.67,52.622,52.635,12469
2019-09-27 13:14:00,52.6327,52.67,52.62,52.65,7344
2019-09-27 13:15:00,52.65,52.65,52.63,52.63,4698
2019-09-27 13:16:00,52.63,52.63,52.575,52.575,6778
2019-09-27 13:17:00,52.58,52.6,52.5,52.54,38376
2019-09-27 13:18:00,52.54,52.55,52.47,52.48,28724
2019-09-27 13:19:00,52.475,52.48,52.45,52.45,6769
2019-09-27 13:20:00,52.45,52.45,52.42,52.43,27363
2019-09-27 13:21:00,52.43,52.47,52.43,52.455,10591
2019-09-27 13:22:00,52.46,52.46,52.42,52.42,7969
2019-09-27 13:23:00,52.41,52.41,52.34,52.36,12468
2019-09-27 13:24:00,52.37,52.43,52.37,52.41,44228
2019-09-27 13:25:00,52.4,52.4,52.38,52.3975,11051
2019-09-27 13:26:00,52.39,52.39,52.34,52.37,12376
2019-09-27 13:27:00,52.38,52.41,52.34,52.345,10836
2019-09-27 13:28:00,52.35,52.365,52.33,52.36,8288
2019-09-27 13:29:00,52.35,52.355,52.2911,52.3,14342
2019-09-27 13:30:00,52.305,52.32,52.29,52.3,10926
2019-09-27 13:31:00,52.3,52.33,52.285,52.33,8602
2019-09-27 13:32:00,52.33,52.3558,52.25,52.25,18158
2019-09-27 13:33:00,52.25,52.265,52.23,52.26,13221
2019-09-27 13:34:00,52.27,52.32,52.27,52.32,10035
2019-09-27 13:35:00,52.31,52.35,52.3,52.32,6378
2019-09-27 13:36:00,52.33,52.36,52.31,52.36,35216
2019-09-27 13:37:00,52.3684,52.3684,52.3,52.31,6071
2019-09-27 13:38:00,52.32,52.36,52.3,52.3049,6242
2019-09-27 13:39:00,52.31,52.3635,52.295,52.3635,135883
2019-09-27 13:40:00,52.35,52.425,52.345,52.42,32739
2019-09-27 13:41:00,52.43,52.49,52.43,52.49,9200
2019-09-27 13:42:00,52.49,52.52,52.445,52.455,33420
2019-09-27 13:43:00,52.45,52.49,52.44,52.47,16588
2019-09-27 13:44:00,52.47,52.49,52.45,52.485,9432
2019-09-27 13:45:00,52.48,52.5,52.43,52.43,15429
2019-09-27 13:46:00,52.43,52.43,52.36,52.37,10052
2019-09-27 13:47:00,52.37,52.38,52.34,52.35,18691
2019-09-27 13:48:00,52.35,52.3638,52.32,52.33,8445
2019-09-27 13:49:00,52.34,52.358,52.3256,52.33,6872
2019-09-27 13:50:00,52.33,52.33,52.305,52.305,3796
2019-09-27 13:51:00,52.31,52.31,52.24,52.27,13166
2019-09-27 13:52:00,52.27,52.35,52.265,52.34,10273
2019-09-27 13:53:00,52.3499,52.35,52.32,52.32,5042
2019-09-27 13:54:00,52.32,52.3606,52.32,52.35,11788
2019-09-27 13:55:00,52.34,52.4,52.33,52.38,4055
2019-09-27 13:56:00,52.38,52.421,52.37,52.42,10671
2019-09-27 13:57:00,52.43,52.5,52.43,52.4902,6031
2019-09-27 13:58:00,52.4863,52.51,52.48,52.49,14542
2019-09-27 13:59:00,52.49,52.5,52.48,52.48,3079
2019-09-27 14:00:00,52.47,52.5,52.46,52.5,5557
2019-09-27 14:01:00,52.5,52.5,52.42,52.45,14525
2019-09-27 14:02:00,52.45,52.455,52.42,52.42,12719
2019-09-27 14:03:00,52.41,52.4157,52.37,52.37,8592
2019-09-27 14:04:00,52.3699,52.39,52.345,52.39,6198
2019-09-27 14:05:00,52.38,52.415,52.38,52.395,8567
2019-09-27 14:06:00,52.3914,52.4408,52.3807,52.3814,14072
2019-09-27 14:07:00,52.3867,52.3867,52.33,52.3353,9385
2019-09-27 14:08:00,52.35,52.3674,52.335,52.3674,9866
2019-09-27 14:09:00,52.36,52.36,52.3226,52.33,4449
2019-09-27 14:10:00,52.33,52.33,52.31,52.315,4148
2019-09-27 14:11:00,52.31,52.33,52.31,52.33,6015
2019-09-27 14:12:00,52.33,52.33,52.3,52.315,3871
2019-09-27 14:13:00,52.31,52.31,52.27,52.28,10880
2019-09-27 14:14:00,52.28,52.29,52.26,52.27,10712
2019-09-27 14:15:00,52.28,52.35,52.28,52.34,8314
2019-09-27 14:16:00,52.34,52.34,52.33,52.34,5552
2019-09-27 14:17:00,52.3361,52.355,52.29,52.29,21175
2019-09-27 14:18:00,52.29,52.29,52.25,52.265,14326
2019-09-27 14:19:00,52.27,52.275,52.24,52.26,15532
2019-09-27 14:20:00,52.27,52.295,52.27,52.27,8081
2019-09-27 14:21:00,52.29,52.35,52.28,52.3,20352
2019-09-27 14:22:00,52.3,52.32,52.285,52.313,18847
2019-09-27 14:23:00,52.32,52.32,52.295,52.3,4133
2019-09-27 14:24:00,52.29,52.3,52.28,52.3,7054
2019-09-27 14:25:00,52.2946,52.3,52.24,52.24,19955
2019-09-27 14:26:00,52.245,52.2835,52.245,52.28,6951
2019-09-27 14:27:00,52.28,52.305,52.275,52.29,6904
2019-09-27 14:28:00,52.29,52.33,52.29,52.32,13994
2019-09-27 14:29:00,52.31,52.315,52.24,52.25,13198
2019-09-27 14:30:00,52.25,52.31,52.24,52.305,9012
2019-09-27 14:31:00,52.29,52.33,52.28,52.33,9288
2019-09-27 14:32:00,52.32,52.325,52.31,52.31,5119
2019-09-27 14:33:00,52.3,52.315,52.2827,52.2827,9221
2019-09-27 14:34:00,52.285,52.3,52.28,52.29,3178
2019-09-27 14:35:00,52.29,52.31,52.28,52.285,6499
2019-09-27 14:36:00,52.27,52.285,52.255,52.255,9025
2019-09-27 14:37:00,52.25,52.3,52.235,52.3,14867
2019-09-27 14:38:00,52.3067,52.3709,52.3008,52.3017,21600
2019-09-27 14:39:00,52.31,52.33,52.27,52.29,10828
2019-09-27 14:40:00,52.285,52.3,52.27,52.28,4815
2019-09-27 14:41:00,52.29,52.305,52.25,52.275,22660
2019-09-27 14:42:00,52.2796,52.35,52.2796,52.345,10893
2019-09-27 14:43:00,52.33,52.35,52.32,52.33,4456
2019-09-27 14:44:00,52.33,52.33,52.3021,52.305,7781
2019-09-27 14:45:00,52.3,52.31,52.285,52.3,5391
2019-09-27 14:46:00,52.31,52.315,52.26,52.27,12169
2019-09-27 14:47:00,52.275,52.28,52.25,52.265,6125
2019-09-27 14:48:00,52.26,52.3,52.26,52.275,8985
2019-09-27 14:49:00,52.28,52.28,52.21,52.22,17343
2019-09-27 14:50:00,52.22,52.225,52.18,52.18,22715
2019-09-27 14:51:00,52.18,52.19,52.16,52.16,14727
2019-09-27 14:52:00,52.16,52.175,52.125,52.125,22024
2019-09-27 14:53:00,52.12,52.12,52.075,52.08,13018
2019-09-27 14:54:00,52.08,52.11,52.08,52.1,18474
2019-09-27 14:55:00,52.1,52.11,52.06,52.06,14264
2019-09-27 14:56:00,52.07,52.105,52.065,52.09,19727
2019-09-27 14:57:00,52.0917,52.095,52.07,52.09,16318
2019-09-27 14:58:00,52.09,52.11,52.09,52.09,26581
2019-09-27 14:59:00,52.1,52.1199,52.07,52.07,15687
2019-09-27 15:00:00,52.08,52.11,52.05,52.1,14926
2019-09-27 15:01:00,52.09,52.12,52.09,52.1,16251
2019-09-27 15:02:00,52.095,52.13,52.085,52.125,23893
2019-09-27 15:03:00,52.13,52.13,52.09,52.1,41401
2019-09-27 15:04:00,52.1,52.11,52.09,52.1083,28210
2019-09-27 15:05:00,52.11,52.14,52.09,52.14,55878
2019-09-27 15:06:00,52.135,52.25,52.135,52.24,18720
2019-09-27 15:07:00,52.25,52.255,52.225,52.23,18542
2019-09-27 15:08:00,52.23,52.25,52.215,52.215,13687
2019-09-27 15:09:00,52.21,52.215,52.175,52.175,8369
2019-09-27 15:10:00,52.18,52.215,52.17,52.2131,21011
2019-09-27 15:11:00,52.22,52.2296,52.21,52.225,10988
2019-09-27 15:12:00,52.225,52.235,52.2,52.2,13574
2019-09-27 15:13:00,52.21,52.2292,52.205,52.225,13838
2019-09-27 15:14:00,52.225,52.24,52.21,52.215,10328
2019-09-27 15:15:00,52.22,52.23,52.2,52.205,14153
2019-09-27 15:16:00,52.2,52.27,52.2,52.27,11260
2019-09-27 15:17:00,52.27,52.31,52.265,52.29,25275
2019-09-27 15:18:00,52.285,52.285,52.245,52.245,57159
2019-09-27 15:19:00,52.25,52.28,52.245,52.26,31288
2019-09-27 15:20:00,52.25,52.27,52.245,52.245,25624
2019-09-27 15:21:00,52.2443,52.255,52.235,52.2478,17237
2019-09-27 15:22:00,52.25,52.275,52.245,52.275,7818
2019-09-27 15:23:00,52.275,52.2752,52.26,52.265,12974
2019-09-27 15:24:00,52.2675,52.28,52.25,52.255,24371
2019-09-27 15:25:00,52.255,52.26,52.23,52.26,17267
2019-09-27 15:26:00,52.25,52.285,52.25,52.2673,13214
2019-09-27 15:27:00,52.27,52.28,52.2147,52.23,34246
2019-09-27 15:28:00,52.2233,52.255,52.21,52.23,16852
2019-09-27 15:29:00,52.23,52.24,52.21,52.23,11543
2019-09-27 15:30:00,52.235,52.25,52.21,52.21,14335
2019-09-27 15:31:00,52.21,52.3168,52.21,52.3168,34019
2019-09-27 15:32:00,52.315,52.37,52.315,52.33,25988
2019-09-27 15:33:00,52.335,52.34,52.325,52.335,17145
2019-09-27 15:34:00,52.34,52.35,52.285,52.285,34635
2019-09-27 15:35:00,52.285,52.33,52.28,52.33,15915
2019-09-27 15:36:00,52.33,52.35,52.32,52.345,57349
2019-09-27 15:37:00,52.345,52.355,52.31,52.31,28080
2019-09-27 15:38:00,52.31,52.31,52.26,52.28,18085
2019-09-27 15:39:00,52.28,52.3,52.26,52.295,27566
2019-09-27 15:40:00,52.3,52.35,52.295,52.345,19070
2019-09-27 15:41:00,52.34,52.355,52.33,52.355,29869
2019-09-27 15:42:00,52.355,52.36,52.33,52.355,42750
2019-09-27 15:43:00,52.36,52.37,52.34,52.356,28918
2019-09-27 15:44:00,52.35,52.35,52.305,52.305,21051
2019-09-27 15:45:00,52.305,52.31,52.3,52.3001,12407
2019-09-27 15:46:00,52.305,52.32,52.3,52.305,28592
2019-09-27 15:47:00,52.305,52.31,52.2801,52.285,20454
2019-09-27 15:48:00,52.285,52.31,52.28,52.3,26066
2019-09-27 15:49:00,52.295,52.3,52.28,52.285,16844
2019-09-27 15:50:00,52.29,52.31,52.285,52.3068,18928
2019-09-27 15:51:00,52.305,52.36,52.305,52.35,72707
2019-09-27 15:52:00,52.36,52.42,52.355,52.39,91635
2019-09-27 15:53:00,52.395,52.4,52.325,52.335,47932
2019-09-27 15:54:00,52.34,52.36,52.325,52.33,61198
2019-09-27 15:55:00,52.335,52.39,52.33,52.37,93158
2019-09-27 15:56:00,52.38,52.385,52.29,52.31,59610
2019-09-27 15:57:00,52.32,52.33,52.28,52.285,68304
2019-09-27 15:58:00,52.28,52.34,52.28,52.335,66949
2019-09-27 15:59:00,52.34,52.35,52.33,52.33,93433
2019-09-27 16:00:00,52.33,52.36,52.28,52.33,291624
2019-09-30 09:31:00,52.44,52.44,52.44,52.44,105010
2019-09-30 09:32:00,52.4821,52.5503,52.4002,52.4271,42274
2019-09-30 09:33:00,52.4117,52.4814,52.3613,52.3917,9585
2019-09-30 09:34:00,52.4,52.5,52.365,52.47,19858
2019-09-30 09:35:00,52.4814,52.6009,52.4708,52.5014,56317
2019-09-30 09:36:00,52.53,52.54,52.36,52.39,22335
2019-09-30 09:37:00,52.41,52.56,52.39,52.53,24256
2019-09-30 09:38:00,52.54,52.62,52.54,52.58,16558
2019-09-30 09:39:00,52.58,52.6,52.55,52.57,8596
2019-09-30 09:40:00,52.56,52.56,52.46,52.47,21133
2019-09-30 09:41:00,52.505,52.55,52.46,52.55,13940
2019-09-30 09:42:00,52.545,52.64,52.48,52.49,39510
2019-09-30 09:43:00,52.48,52.54,52.44,52.5,30000
2019-09-30 09:44:00,52.4964,52.5709,52.4608,52.5014,10091
2019-09-30 09:45:00,52.48,52.53,52.45,52.46,12758
2019-09-30 09:46:00,52.46,52.48,52.44,52.46,5478
2019-09-30 09:47:00,52.46,52.525,52.44,52.5,7768
2019-09-30 09:48:00,52.51,52.54,52.48,52.49,17681
2019-09-30 09:49:00,52.49,52.58,52.48,52.57,27904
2019-09-30 09:50:00,52.57,52.6599,52.57,52.64,29894
2019-09-30 09:51:00,52.64,52.67,52.6,52.62,38738
2019-09-30 09:52:00,52.62,52.64,52.55,52.55,20252
2019-09-30 09:53:00,52.54,52.67,52.53,52.66,29060
2019-09-30 09:54:00,52.665,52.67,52.6,52.61,13625
2019-09-30 09:55:00,52.61,52.62,52.53,52.555,51235
2019-09-30 09:56:00,52.56,52.575,52.52,52.56,7771
2019-09-30 09:58:00,52.665,52.665,52.64,52.64,43154
2019-09-30 09:59:00,52.65,52.665,52.595,52.605,12518
2019-09-30 10:00:00,52.6,52.61,52.58,52.61,16077
2019-09-30 10:01:00,52.6,52.6,52.505,52.545,15859
2019-09-30 10:02:00,52.55,52.6,52.55,52.6,14272
2019-09-30 10:03:00,52.6,52.61,52.585,52.59,13859
2019-09-30 10:04:00,52.6,52.6,52.53,52.53,42093
2019-09-30 10:05:00,52.54,52.59,52.5,52.5869,8725
2019-09-30 10:06:00,52.59,52.62,52.58,52.6,14818
2019-09-30 10:07:00,52.59,52.605,52.55,52.56,10446
2019-09-30 10:08:00,52.56,52.615,52.56,52.605,9683
2019-09-30 10:09:00,52.605,52.61,52.585,52.605,16889
2019-09-30 10:10:00,52.605,52.61,52.55,52.56,49123
2019-09-30 10:11:00,52.565,52.595,52.555,52.59,9382
2019-09-30 10:12:00,52.59,52.625,52.58,52.615,8275
2019-09-30 10:13:00,52.61,52.63,52.61,52.625,13994
2019-09-30 10:14:00,52.625,52.66,52.595,52.595,32360
2019-09-30 10:15:00,52.595,52.71,52.595,52.7,24202
2019-09-30 10:16:00,52.7,52.805,52.7,52.74,26467
2019-09-30 10:17:00,52.74,52.78,52.73,52.76,9359
2019-09-30 10:18:00,52.76,52.7825,52.75,52.75,9001
2019-09-30 10:19:00,52.75,52.75,52.675,52.68,11080
2019-09-30 10:20:00,52.675,52.71,52.67,52.7,5067
2019-09-30 10:21:00,52.7,52.7135,52.65,52.65,8817
2019-09-30 10:22:00,52.64,52.65,52.62,52.62,6479
2019-09-30 10:23:00,52.615,52.62,52.6,52.61,5985
2019-09-30 10:24:00,52.6,52.6,52.565,52.59,8560
2019-09-30 10:25:00,52.59,52.59,52.56,52.56,7597
2019-09-30 10:26:00,52.57,52.63,52.565,52.62,5186
2019-09-30 10:27:00,52.61,52.65,52.6,52.64,5291
2019-09-30 10:28:00,52.62,52.6223,52.6,52.62,6186
2019-09-30 10:29:00,52.61,52.655,52.61,52.63,3679
2019-09-30 10:30:00,52.63,52.65,52.61,52.61,4941
2019-09-30 10:31:00,52.625,52.65,52.59,52.64,9617
2019-09-30 10:32:00,52.645,52.65,52.63,52.63,9709
2019-09-30 10:33:00,52.625,52.665,52.615,52.66,8950
2019-09-30 10:34:00,52.66,52.66,52.6,52.605,38242
2019-09-30 10:35:00,52.605,52.64,52.6,52.61,24483
2019-09-30 10:36:00,52.605,52.66,52.6,52.65,24024
2019-09-30 10:37:00,52.66,52.68,52.63,52.6575,23956
2019-09-30 10:38:00,52.65,52.69,52.63,52.69,19161
2019-09-30 10:39:00,52.69,52.755,52.68,52.715,16444
2019-09-30 10:40:00,52.71,52.7125,52.69,52.6925,5601
2019-09-30 10:41:00,52.69,52.73,52.69,52.7,7248
2019-09-30 10:42:00,52.695,52.74,52.695,52.71,14088
2019-09-30 10:43:00,52.71,52.71,52.67,52.68,6691
2019-09-30 10:44:00,52.67,52.67,52.59,52.61,7304
2019-09-30 10:45:00,52.615,52.625,52.56,52.56,4320
2019-09-30 10:46:00,52.56,52.56,52.515,52.54,7288
2019-09-30 10:47:00,52.53,52.5499,52.51,52.52,3629
2019-09-30 10:48:00,52.53,52.575,52.53,52.56,2925
2019-09-30 10:49:00,52.56,52.58,52.56,52.57,5504
2019-09-30 10:50:00,52.58,52.61,52.58,52.61,4628
2019-09-30 10:51:00,52.61,52.64,52.59,52.61,8524
2019-09-30 10:52:00,52.6,52.605,52.58,52.58,3622
2019-09-30 10:53:00,52.58,52.605,52.55,52.595,4168
2019-09-30 10:54:00,52.6,52.67,52.6,52.66,9551
2019-09-30 10:55:00,52.67,52.697,52.65,52.697,20976
2019-09-30 10:56:00,52.685,52.7053,52.67,52.68,4760
2019-09-30 10:57:00,52.68,52.7,52.63,52.64,8302
2019-09-30 10:58:00,52.64,52.64,52.595,52.635,6694
2019-09-30 10:59:00,52.64,52.67,52.63,52.67,53131
2019-09-30 11:00:00,52.68,52.71,52.66,52.66,14338
2019-09-30 11:01:00,52.66,52.69,52.65,52.69,6745
2019-09-30 11:02:00,52.7,52.7,52.67,52.68,7438
2019-09-30 11:03:00,52.68,52.69,52.64,52.66,17132
2019-09-30 11:04:00,52.66,52.675,52.63,52.66,9657
2019-09-30 11:05:00,52.655,52.67,52.64,52.67,14504
2019-09-30 11:06:00,52.67,52.68,52.64,52.67,13990
2019-09-30 11:07:00,52.67,52.69,52.645,52.67,41342
2019-09-30 11:08:00,52.67,52.69,52.665,52.67,5020
2019-09-30 11:09:00,52.665,52.69,52.66,52.66,29669
2019-09-30 11:10:00,52.655,52.7,52.65,52.68,32876
2019-09-30 11:11:00,52.67,52.69,52.665,52.675,17642
2019-09-30 11:12:00,52.68,52.7,52.67,52.685,86160
2019-09-30 11:13:00,52.685,52.7,52.66,52.68,83139
2019-09-30 11:14:00,52.68,52.73,52.68,52.72,15484
2019-09-30 11:16:00,52.72,52.74,52.71,52.73,36446
2019-09-30 11:17:00,52.73,52.76,52.72,52.735,12470
2019-09-30 11:18:00,52.74,52.75,52.71,52.71,21242
2019-09-30 11:19:00,52.71,52.73,52.69,52.715,25148
2019-09-30 11:20:00,52.715,52.715,52.68,52.68,9662
2019-09-30 11:21:00,52.684,52.735,52.684,52.735,13875
2019-09-30 11:22:00,52.74,52.755,52.71,52.715,51588
2019-09-30 11:23:00,52.71,52.75,52.71,52.72,25256
2019-09-30 11:24:00,52.725,52.74,52.705,52.72,6929
2019-09-30 11:25:00,52.71,52.72,52.695,52.7,5036
2019-09-30 11:26:00,52.7,52.74,52.695,52.725,10687
2019-09-30 11:27:00,52.72,52.785,52.72,52.76,55344
2019-09-30 11:28:00,52.755,52.78,52.74,52.77,16113
2019-09-30 11:29:00,52.76,52.78,52.745,52.77,22721
2019-09-30 11:30:00,52.765,52.78,52.755,52.765,18447
2019-09-30 11:31:00,52.77,52.82,52.76,52.82,36931
2019-09-30 11:32:00,52.81,52.815,52.795,52.8,27098
2019-09-30 11:33:00,52.8,52.87,52.8,52.835,20097
2019-09-30 11:34:00,52.84,52.84,52.82,52.84,6879
2019-09-30 11:35:00,52.84,52.85,52.83,52.84,4662
2019-09-30 11:36:00,52.8369,52.84,52.81,52.81,12938
2019-09-30 11:37:00,52.8,52.805,52.78,52.8,0
2019-09-30 11:38:00,52.795,52.805,52.795,52.8,3315
2019-09-30 11:39:00,52.795,52.8,52.76,52.79,33272
2019-09-30 11:40:00,52.79,52.805,52.79,52.8,6247
2019-09-30 11:41:00,52.8084,52.82,52.8,52.82,10923
2019-09-30 11:42:00,52.825,52.84,52.82,52.8263,2464
2019-09-30 11:43:00,52.83,52.83,52.795,52.8,19196
2019-09-30 11:44:00,52.8,52.835,52.785,52.81,14836
2019-09-30 11:45:00,52.82,52.87,52.82,52.85,17441
2019-09-30 11:46:00,52.855,52.89,52.85,52.88,17789
2019-09-30 11:47:00,52.86,52.875,52.85,52.87,28351
2019-09-30 11:48:00,52.87,52.89,52.84,52.86,28050
2019-09-30 11:49:00,52.86,52.89,52.86,52.87,11210
2019-09-30 11:50:00,52.87,52.89,52.865,52.87,11832
2019-09-30 11:51:00,52.88,52.89,52.86,52.87,9560
